<?xml version="1.0" encoding="utf-8"?>
<COLLADA xmlns="http://www.collada.org/2005/11/COLLADASchema" version="1.4.1" xmlns:xsi="http://www.w3.org/2001/XMLSchema-instance">
  <asset>
    <contributor>
      <author>Blender User</author>
      <authoring_tool>Blender 4.2.16 LTS commit date:2025-11-17, commit time:16:05, hash:39502cae951c</authoring_tool>
    </contributor>
    <created>2026-08-11T22:11:25</created>
    <modified>2026-08-11T22:11:25</modified>
    <unit name="meter" meter="1"/>
    <up_axis>Z_UP</up_axis>
  </asset>
  <library_cameras>
    <camera id="Camera-camera" name="Camera">
      <optics>
        <technique_common>
          <perspective>
            <xfov sid="xfov">39.59775</xfov>
            <aspect_ratio>1.777778</aspect_ratio>
            <znear sid="znear">0.1</znear>
            <zfar sid="zfar">100</zfar>
          </perspective>
        </technique_common>
      </optics>
      <extra>
        <technique profile="blender">
          <shiftx sid="shiftx" type="float">0</shiftx>
          <shifty sid="shifty" type="float">0</shifty>
          <dof_distance sid="dof_distance" type="float">10</dof_distance>
        </technique>
      </extra>
    </camera>
  </library_cameras>
  <library_lights>
    <light id="Light-light" name="Light">
      <technique_common>
        <point>
          <color sid="color">1000 1000 1000</color>
          <constant_attenuation>1</constant_attenuation>
          <linear_attenuation>0</linear_attenuation>
          <quadratic_attenuation>0</quadratic_attenuation>
        </point>
      </technique_common>
      <extra>
        <technique profile="blender">
          <type sid="type" type="int">0</type>
          <flag sid="flag" type="int">0</flag>
          <mode sid="mode" type="int">2097153</mode>
          <red sid="red" type="float">1</red>
          <green sid="green" type="float">1</green>
          <blue sid="blue" type="float">1</blue>
          <shadow_r sid="blender_shadow_r" type="float">0</shadow_r>
          <shadow_g sid="blender_shadow_g" type="float">0</shadow_g>
          <shadow_b sid="blender_shadow_b" type="float">0</shadow_b>
          <energy sid="blender_energy" type="float">1000</energy>
          <spotsize sid="spotsize" type="float">75</spotsize>
          <spotblend sid="spotblend" type="float">0.15</spotblend>
          <clipsta sid="clipsta" type="float">0.04999995</clipsta>
          <clipend sid="clipend" type="float">30.002</clipend>
          <bias sid="bias" type="float">1</bias>
          <radius sid="radius" type="float">0.1</radius>
          <area_shape sid="area_shape" type="int">1</area_shape>
          <area_size sid="area_size" type="float">0.1</area_size>
          <area_sizey sid="area_sizey" type="float">0.1</area_sizey>
          <area_sizez sid="area_sizez" type="float">1</area_sizez>
        </technique>
      </extra>
    </light>
  </library_lights>
  <library_effects>
    <effect id="Material_005-effect">
      <profile_COMMON>
        <newparam sid="conifer_png_004-surface">
          <surface type="2D">
            <init_from>conifer_png_004</init_from>
          </surface>
        </newparam>
        <newparam sid="conifer_png_004-sampler">
          <sampler2D>
            <source>conifer_png_004-surface</source>
          </sampler2D>
        </newparam>
        <technique sid="common">
          <lambert>
            <emission>
              <color sid="emission">0 0 0 1</color>
            </emission>
            <diffuse>
              <texture texture="conifer_png_004-sampler" texcoord="UVMap"/>
            </diffuse>
            <index_of_refraction>
              <float sid="ior">1.5</float>
            </index_of_refraction>
          </lambert>
        </technique>
      </profile_COMMON>
    </effect>
    <effect id="conifer-effect">
      <profile_COMMON>
        <newparam sid="conifer_png-surface">
          <surface type="2D">
            <init_from>conifer_png</init_from>
          </surface>
        </newparam>
        <newparam sid="conifer_png-sampler">
          <sampler2D>
            <source>conifer_png-surface</source>
          </sampler2D>
        </newparam>
        <technique sid="common">
          <lambert>
            <emission>
              <color sid="emission">0 0 0 1</color>
            </emission>
            <diffuse>
              <texture texture="conifer_png-sampler" texcoord="UVMap"/>
            </diffuse>
            <index_of_refraction>
              <float sid="ior">1.45</float>
            </index_of_refraction>
          </lambert>
        </technique>
      </profile_COMMON>
    </effect>
    <effect id="conifer_01_tga_nocull-effect">
      <profile_COMMON>
        <newparam sid="fir_tga-surface">
          <surface type="2D">
            <init_from>fir_tga</init_from>
          </surface>
        </newparam>
        <newparam sid="fir_tga-sampler">
          <sampler2D>
            <source>fir_tga-surface</source>
          </sampler2D>
        </newparam>
        <technique sid="common">
          <lambert>
            <emission>
              <color sid="emission">0 0 0 1</color>
            </emission>
            <diffuse>
              <texture texture="fir_tga-sampler" texcoord="conifer01-mesh-map-0"/>
            </diffuse>
            <index_of_refraction>
              <float sid="ior">1.45</float>
            </index_of_refraction>
          </lambert>
        </technique>
      </profile_COMMON>
    </effect>
    <effect id="tree_a_tga_002-effect">
      <profile_COMMON>
        <technique sid="common">
          <lambert>
            <emission>
              <color sid="emission">0 0 0 1</color>
            </emission>
            <diffuse>
              <color sid="diffuse">0.8 0.8 0.8 1</color>
            </diffuse>
            <index_of_refraction>
              <float sid="ior">1.45</float>
            </index_of_refraction>
          </lambert>
        </technique>
      </profile_COMMON>
    </effect>
    <effect id="palm_01_tga_nocull-effect">
      <profile_COMMON>
        <technique sid="common">
          <lambert>
            <emission>
              <color sid="emission">0 0 0 1</color>
            </emission>
            <diffuse>
              <color sid="diffuse">0.8 0.8 0.8 1</color>
            </diffuse>
            <index_of_refraction>
              <float sid="ior">1.45</float>
            </index_of_refraction>
          </lambert>
        </technique>
      </profile_COMMON>
    </effect>
    <effect id="tree_a_tga_001-effect">
      <profile_COMMON>
        <technique sid="common">
          <lambert>
            <emission>
              <color sid="emission">0 0 0 1</color>
            </emission>
            <diffuse>
              <color sid="diffuse">0.8 0.8 0.8 1</color>
            </diffuse>
            <index_of_refraction>
              <float sid="ior">1.45</float>
            </index_of_refraction>
          </lambert>
        </technique>
      </profile_COMMON>
    </effect>
    <effect id="tree_a_tga-effect">
      <profile_COMMON>
        <technique sid="common">
          <lambert>
            <emission>
              <color sid="emission">0 0 0 1</color>
            </emission>
            <diffuse>
              <color sid="diffuse">0.8 0.8 0.8 1</color>
            </diffuse>
            <index_of_refraction>
              <float sid="ior">1.45</float>
            </index_of_refraction>
          </lambert>
        </technique>
      </profile_COMMON>
    </effect>
  </library_effects>
  <library_images>
    <image id="conifer_png" name="conifer_png">
      <init_from>conifer.png</init_from>
    </image>
    <image id="conifer_png_004" name="conifer_png_004">
      <init_from>conifer.png.004.png</init_from>
    </image>
    <image id="fir_tga" name="fir_tga">
      <init_from>fir.tga</init_from>
    </image>
  </library_images>
  <library_materials>
    <material id="Material_005-material" name="Material.005">
      <instance_effect url="#Material_005-effect"/>
    </material>
    <material id="conifer-material" name="conifer">
      <instance_effect url="#conifer-effect"/>
    </material>
    <material id="conifer_01_tga_nocull-material" name="conifer_01_tga_nocull">
      <instance_effect url="#conifer_01_tga_nocull-effect"/>
    </material>
    <material id="tree_a_tga_002-material" name="tree_a_tga.002">
      <instance_effect url="#tree_a_tga_002-effect"/>
    </material>
    <material id="palm_01_tga_nocull-material" name="palm_01_tga_nocull">
      <instance_effect url="#palm_01_tga_nocull-effect"/>
    </material>
    <material id="tree_a_tga_001-material" name="tree_a_tga.001">
      <instance_effect url="#tree_a_tga_001-effect"/>
    </material>
    <material id="tree_a_tga-material" name="tree_a_tga">
      <instance_effect url="#tree_a_tga-effect"/>
    </material>
  </library_materials>
  <library_geometries>
    <geometry id="Circle_006-mesh" name="Circle.006">
      <mesh>
        <source id="Circle_006-mesh-positions">
          <float_array id="Circle_006-mesh-positions-array" count="69">0.5112688 0.3242248 0.4073475 -0.1011594 0.5968956 0.4073475 -0.5497354 0.09870147 0.4073475 -0.3015682 -0.6773331 0.4073475 0.4411944 -0.3424888 0.4073475 0 0 1.661012 0 1.218119 -0.7202993 -1.1585 0.3764194 -0.7202993 -0.7159923 -0.9854789 -0.7202993 0.7159923 -0.9854789 -0.7202993 1.1585 0.3764194 -0.7202993 0 0 0.3095796 -0.8279938 -0.1459975 -0.1816531 -0.1170122 -0.8325846 -0.1816531 0.7556762 -0.3685681 -0.1816531 0.5840458 0.6047971 -0.1816531 -0.394716 0.7423532 -0.1816531 0 0 0.9237833 0 0 1.269768 0.1090297 0.1090297 -1.639226 0.1090297 -0.1090297 -1.639226 -0.1090297 0.1090297 -1.639226 -0.1090297 -0.1090297 -1.639226</float_array>
          <technique_common>
            <accessor source="#Circle_006-mesh-positions-array" count="23" stride="3">
              <param name="X" type="float"/>
              <param name="Y" type="float"/>
              <param name="Z" type="float"/>
            </accessor>
          </technique_common>
        </source>
        <source id="Circle_006-mesh-normals">
          <float_array id="Circle_006-mesh-normals-array" count="69">-0.1824253 0.8819399 0.43463 -0.8938176 0.1886956 0.4067976 0.005976915 0.01342451 0.9998921 -0.3500933 -0.7863219 0.5090507 0.7383087 -0.537974 0.4067976 0.7774755 0.4545643 0.4346299 -0.6140367 0.1995126 0.763645 -0.3794955 -0.5223308 0.7636451 0 0 1 0.3794955 -0.5223308 0.7636451 0.6140367 0.1995126 0.763645 0 0.6456364 0.7636451 -0.1107738 -0.7881958 0.6053733 0.7153878 -0.348918 0.6053732 0 0 1 0.5529077 0.5725526 0.6053732 -0.3736719 0.702775 0.6053732 -0.7838497 -0.1382137 0.6053732 0 0 -1 -0.5869383 -0.5869383 0.55768 -0.5869272 0.5869272 0.5577034 0.5869383 0.5869383 0.55768 0.5869272 -0.5869272 0.5577034</float_array>
          <technique_common>
            <accessor source="#Circle_006-mesh-normals-array" count="23" stride="3">
              <param name="X" type="float"/>
              <param name="Y" type="float"/>
              <param name="Z" type="float"/>
            </accessor>
          </technique_common>
        </source>
        <source id="Circle_006-mesh-map-0">
          <float_array id="Circle_006-mesh-map-0-array" count="126">0.02674144 0.2169424 0.4523575 0.01962542 0.4239873 0.5567233 0.4523575 0.01962542 0.8341545 0.3127314 0.4239873 0.5567233 0.8341545 0.3127314 0.6901406 0.9603118 0.4239873 0.5567233 0.6901406 0.9603118 0.1130638 0.9354515 0.4239873 0.5567233 0.1130638 0.9354515 0.02674144 0.2169424 0.4239873 0.5567233 0.6943286 0.9629681 0.113915 0.9349386 0.4261472 0.5543059 0.113915 0.9349386 0.02331101 0.2036781 0.4261472 0.5543059 0.02331101 0.2036781 0.453174 0.02022051 0.4261472 0.5543059 0.453174 0.02022051 0.8348352 0.3005757 0.4261472 0.5543059 0.8348352 0.3005757 0.6943286 0.9629681 0.4261472 0.5543059 0.1125555 0.9360505 0.02195161 0.2062672 0.423771 0.5561565 0.02195161 0.2062672 0.4504096 0.02326601 0.423771 0.5561565 0.4504096 0.02326601 0.8312026 0.3024262 0.423771 0.5561565 0.8312026 0.3024262 0.6915641 0.9636233 0.423771 0.5561565 0.6915641 0.9636233 0.1125555 0.9360505 0.423771 0.5561565 0.8878024 0.9700523 0.8676324 0.01024931 0.9942672 0.01139861 0.8878024 0.9700523 0.8676324 0.01024931 0.9942672 0.01139861 0.8878024 0.9700523 0.8676324 0.01024931 0.9942672 0.01139861 0.8878024 0.9700523 0.8676324 0.01024931 0.9942672 0.01139861 0.8676324 0.01024931 0.8676325 0.01024949 0.8878024 0.9700523 0.8676324 0.01024931 0.9942672 0.01139861 0.8676325 0.01024949</float_array>
          <technique_common>
            <accessor source="#Circle_006-mesh-map-0-array" count="63" stride="2">
              <param name="S" type="float"/>
              <param name="T" type="float"/>
            </accessor>
          </technique_common>
        </source>
        <vertices id="Circle_006-mesh-vertices">
          <input semantic="POSITION" source="#Circle_006-mesh-positions"/>
        </vertices>
        <triangles material="Material_005-material" count="21">
          <input semantic="VERTEX" source="#Circle_006-mesh-vertices" offset="0"/>
          <input semantic="NORMAL" source="#Circle_006-mesh-normals" offset="1"/>
          <input semantic="TEXCOORD" source="#Circle_006-mesh-map-0" offset="2" set="0"/>
          <p>1 0 0 2 1 1 5 2 2 2 1 3 3 3 4 5 2 5 3 3 6 4 4 7 5 2 8 4 4 9 0 5 10 5 2 11 0 5 12 1 0 13 5 2 14 7 6 15 8 7 16 11 8 17 8 7 18 9 9 19 11 8 20 9 9 21 10 10 22 11 8 23 10 10 24 6 11 25 11 8 26 6 11 27 7 6 28 11 8 29 13 12 30 14 13 31 17 14 32 14 13 33 15 15 34 17 14 35 15 15 36 16 16 37 17 14 38 16 16 39 12 17 40 17 14 41 12 17 42 13 12 43 17 14 44 18 18 45 19 19 46 20 20 47 18 18 48 20 20 49 22 21 50 18 18 51 22 21 52 21 22 53 18 18 54 21 22 55 19 19 56 20 20 57 21 22 58 22 21 59 20 20 60 19 19 61 21 22 62</p>
        </triangles>
      </mesh>
    </geometry>
    <geometry id="Circle_002-mesh" name="Circle.002">
      <mesh>
        <source id="Circle_002-mesh-positions">
          <float_array id="Circle_002-mesh-positions-array" count="276">0.5112688 0.3242248 0.4073475 -0.1011594 0.5968956 0.4073475 -0.5497354 0.09870147 0.4073475 -0.3015682 -0.6773331 0.4073475 0.4411944 -0.3424888 0.4073475 0 0 1.661012 0 1.218119 -0.7202993 -1.1585 0.3764194 -0.7202993 -0.7159923 -0.9854789 -0.7202993 0.7159923 -0.9854789 -0.7202993 1.1585 0.3764194 -0.7202993 0 0 0.3095796 -0.8279938 -0.1459975 -0.1816531 -0.1170122 -0.8325846 -0.1816531 0.7556762 -0.3685681 -0.1816531 0.5840458 0.6047971 -0.1816531 -0.394716 0.7423532 -0.1816531 0 0 0.9237833 0 0 1.269768 0.1090297 0.1090297 -1.639226 0.1090297 -0.1090297 -1.639226 -0.1090297 0.1090297 -1.639226 -0.1090297 -0.1090297 -1.639226 -0.9229279 -0.8326291 0.02596735 -1.354556 -1.257598 0.02596735 -1.044952 -1.796715 0.02596735 -0.2733184 -1.841787 0.02596735 -0.3465628 -1.1091 0.02596735 -0.7884632 -1.367566 1.120636 -1.880635 -0.9698906 -1.101679 -1.479985 -2.216961 -1.101679 -0.1236758 -2.290196 -1.101679 0.31392 -1.088387 -1.101679 -0.7719405 -0.2723934 -1.101679 -0.7884633 -1.367566 -0.07180052 -0.9105853 -2.110132 -0.5630332 -0.07772111 -1.737581 -0.5630332 -0.2270785 -0.8536812 -0.5630332 -1.152251 -0.6799527 -0.5630332 -1.574681 -1.456482 -0.5630332 -0.7884634 -1.367566 0.5424031 -0.7884633 -1.367566 0.8883883 -0.8529018 -1.240467 -1.601757 -0.6573887 -1.311656 -1.601757 -0.9195379 -1.423476 -1.601757 -0.7240248 -1.494665 -1.601757 -1.605276 1.142503 0.02596735 -1.46283 0.6254574 0.02596735 -0.927072 0.6011558 0.02596735 -0.7269922 1.148645 0.02596735 -1.157555 1.437753 0.02596735 -1.145223 0.9911031 1.086063 -1.898217 0.3725236 -1.101679 -0.7896065 0.0838117 -1.101679 -0.1724457 1.048946 -1.101679 -0.8996296 1.934143 -1.101679 -1.966215 1.516091 -1.101679 -1.145223 0.9911031 -0.07180052 -0.6345046 0.5534092 -0.5630332 -0.5711303 1.34157 -0.5630332 -1.301132 1.645397 -0.5630332 -1.815672 1.045012 -0.5630332 -1.403674 0.3701266 -0.5630332 -1.145223 0.9911031 0.5424031 -1.145223 0.9911031 0.8883883 -1.267988 1.003134 -1.601757 -1.133192 1.113868 -1.601757 -1.157254 0.8683382 -1.601757 -1.022458 0.9790722 -1.601757 1.507102 0.9334216 -0.2240356 1.221881 1.296951 -0.2240356 0.7880057 1.138026 -0.2240356 0.6890533 0.585244 -0.2240356 1.249504 0.5498232 -0.2240356 1.091109 0.9006931 0.8560793 1.483754 1.642815 -1.195578 0.5066433 1.503449 -1.195578 0.3372444 0.5310948 -1.195578 1.209661 0.06951296 -1.195578 1.918243 0.7565938 -1.195578 1.091109 0.9006931 -0.3082691 0.5396051 1.078639 -0.7314986 0.7514482 0.4311699 -0.7314986 1.432691 0.4325656 -0.7314986 1.64188 1.080898 -0.7314986 1.089922 1.480193 -0.7314986 1.091109 0.9006931 0.2209079 1.091109 0.9006931 0.5189972 1.192678 0.9319736 -1.626428 1.12239 0.799124 -1.626428 1.059829 1.002262 -1.626428 0.9895401 0.8694126 -1.626428</float_array>
          <technique_common>
            <accessor source="#Circle_002-mesh-positions-array" count="92" stride="3">
              <param name="X" type="float"/>
              <param name="Y" type="float"/>
              <param name="Z" type="float"/>
            </accessor>
          </technique_common>
        </source>
        <source id="Circle_002-mesh-normals">
          <float_array id="Circle_002-mesh-normals-array" count="276">-0.1824253 0.8819399 0.43463 -0.8938176 0.1886956 0.4067976 0.005976915 0.01342451 0.9998921 -0.3500933 -0.7863219 0.5090507 0.7383087 -0.537974 0.4067976 0.7774755 0.4545643 0.4346299 -0.6140367 0.1995126 0.763645 -0.3794955 -0.5223308 0.7636451 0 0 1 0.3794955 -0.5223308 0.7636451 0.6140367 0.1995126 0.763645 0 0.6456364 0.7636451 -0.1107738 -0.7881958 0.6053733 0.7153878 -0.348918 0.6053732 0 0 1 0.5529077 0.5725526 0.6053732 -0.3736719 0.702775 0.6053732 -0.7838497 -0.1382137 0.6053732 0 0 -1 -0.5869383 -0.5869383 0.55768 -0.5869272 0.5869272 0.5577034 0.5869383 0.5869383 0.55768 0.5869272 -0.5869272 0.5577034 -0.875806 0.1269634 0.4656654 -0.4772409 -0.7743883 0.4154086 -0.01119744 0.0102908 0.9998844 0.6101505 -0.5808891 0.5387803 0.7467159 0.5135598 0.4226959 -0.1564038 0.879689 0.4490938 -0.4211056 -0.5403982 0.7284504 0.3746497 -0.5572277 0.7410365 3.0438e-5 -1.11355e-5 1 0.6452247 0.185877 0.7410364 0.02494972 0.6846442 0.7284502 -0.6231551 0.2268995 0.7484614 0.7146187 -0.3806502 0.5868779 0.5909872 0.5738875 0.5669103 -4.82657e-6 8.09391e-6 1 -0.3562061 0.7363447 0.5752511 -0.8051342 -0.1148281 0.5818707 -0.144755 -0.8138822 0.5627094 0 1.42853e-7 -1 0.3517506 -0.7529732 0.5561501 -0.7535616 -0.350525 0.5561271 -0.3517506 0.7529732 0.5561501 0.7535616 0.350525 0.5561271 -0.5712303 -0.7079539 0.415328 0.5037899 -0.7719686 0.3876342 0.02245658 0.002659082 0.9997443 0.8747125 0.2901242 0.3882087 4.92353e-4 0.9215458 0.3882693 -0.8531984 0.3155239 0.4153279 0.2650688 -0.6762758 0.6873061 0.7250872 0.04311466 0.6873061 0 0 1 0.1830598 0.7029221 0.6873061 -0.61195 0.3913152 0.6873061 -0.5612658 -0.461076 0.6873061 0.729156 0.4451287 0.5198 -0.198021 0.831021 0.5197997 0 0 1 -0.8515399 0.06847035 0.5197998 -0.3282594 -0.788704 0.5197998 0.6486642 -0.5559163 0.5197999 -1.14075e-6 -1.521e-6 -1 0.8252376 -0.0808739 0.5589655 -0.08087235 -0.825222 0.5589887 -0.8252376 0.08087372 0.5589655 0.08087229 0.825222 0.5589886 0.2595041 0.8960717 0.3601571 -0.7233564 0.6034401 0.3355826 0.0100426 0.007879376 0.9999186 -0.711166 -0.557974 0.4276774 0.4139902 -0.8461657 0.3355827 0.932083 0.03883576 0.3601571 -0.505647 0.5214706 0.6873061 -0.6522014 -0.3197556 0.6873062 0 0 1 0.1025644 -0.7190902 0.6873062 0.7155897 -0.1246666 0.6873061 0.3396944 0.6420422 0.6873061 -0.5007209 -0.6921609 0.5197999 0.5035527 -0.6901034 0.5198 0 0 1 0.8119336 0.2656536 0.5198001 -0.001750051 0.8542863 0.5197999 -0.8130153 0.2623245 0.5198 -1.90125e-6 2.66175e-6 -1 -0.792461 -0.2440558 0.5589655 -0.244051 0.7924462 0.5589887 0.7924612 0.2440558 0.5589652 0.2440516 -0.792446 0.5589885</float_array>
          <technique_common>
            <accessor source="#Circle_002-mesh-normals-array" count="92" stride="3">
              <param name="X" type="float"/>
              <param name="Y" type="float"/>
              <param name="Z" type="float"/>
            </accessor>
          </technique_common>
        </source>
        <source id="Circle_002-mesh-map-0">
          <float_array id="Circle_002-mesh-map-0-array" count="504">0.02674144 0.2169424 0.4523575 0.01962542 0.4239873 0.5567233 0.4523575 0.01962542 0.8341545 0.3127314 0.4239873 0.5567233 0.8341545 0.3127314 0.6901406 0.9603118 0.4239873 0.5567233 0.6901406 0.9603118 0.1130638 0.9354515 0.4239873 0.5567233 0.1130638 0.9354515 0.02674144 0.2169424 0.4239873 0.5567233 0.6943286 0.9629681 0.113915 0.9349386 0.4261472 0.5543059 0.113915 0.9349386 0.02331101 0.2036781 0.4261472 0.5543059 0.02331101 0.2036781 0.453174 0.02022051 0.4261472 0.5543059 0.453174 0.02022051 0.8348352 0.3005757 0.4261472 0.5543059 0.8348352 0.3005757 0.6943286 0.9629681 0.4261472 0.5543059 0.1125555 0.9360505 0.02195161 0.2062672 0.423771 0.5561565 0.02195161 0.2062672 0.4504096 0.02326601 0.423771 0.5561565 0.4504096 0.02326601 0.8312026 0.3024262 0.423771 0.5561565 0.8312026 0.3024262 0.6915641 0.9636233 0.423771 0.5561565 0.6915641 0.9636233 0.1125555 0.9360505 0.423771 0.5561565 0.8878024 0.9700523 0.8676324 0.01024931 0.9942672 0.01139861 0.8878024 0.9700523 0.8676324 0.01024931 0.9942672 0.01139861 0.8878024 0.9700523 0.8676324 0.01024931 0.9942672 0.01139861 0.8878024 0.9700523 0.8676324 0.01024931 0.9942672 0.01139861 0.8676324 0.01024931 0.8676325 0.01024949 0.8878024 0.9700523 0.02674144 0.2169424 0.4523575 0.01962542 0.4239873 0.5567233 0.4523575 0.01962542 0.8341545 0.3127314 0.4239873 0.5567233 0.8341545 0.3127314 0.6901406 0.9603118 0.4239873 0.5567233 0.6901406 0.9603118 0.1130638 0.9354515 0.4239873 0.5567233 0.1130638 0.9354515 0.02674144 0.2169424 0.4239873 0.5567233 0.6943286 0.9629681 0.113915 0.9349386 0.4261472 0.5543059 0.113915 0.9349386 0.02331101 0.2036781 0.4261472 0.5543059 0.02331101 0.2036781 0.453174 0.02022051 0.4261472 0.5543059 0.453174 0.02022051 0.8348352 0.3005757 0.4261472 0.5543059 0.8348352 0.3005757 0.6943286 0.9629681 0.4261472 0.5543059 0.1125555 0.9360505 0.02195161 0.2062672 0.423771 0.5561565 0.02195161 0.2062672 0.4504096 0.02326601 0.423771 0.5561565 0.4504096 0.02326601 0.8312026 0.3024262 0.423771 0.5561565 0.8312026 0.3024262 0.6915641 0.9636233 0.423771 0.5561565 0.6915641 0.9636233 0.1125555 0.9360505 0.423771 0.5561565 0.8878024 0.9700523 0.8676324 0.01024931 0.9942672 0.01139861 0.8878024 0.9700523 0.8676324 0.01024931 0.9942672 0.01139861 0.8878024 0.9700523 0.8676324 0.01024931 0.9942672 0.01139861 0.8878024 0.9700523 0.8676324 0.01024931 0.9942672 0.01139861 0.8878024 0.9700523 0.9942672 0.01139861 0.8676325 0.01024949 0.02674144 0.2169424 0.4523575 0.01962542 0.4239873 0.5567233 0.4523575 0.01962542 0.8341545 0.3127314 0.4239873 0.5567233 0.8341545 0.3127314 0.6901406 0.9603118 0.4239873 0.5567233 0.6901406 0.9603118 0.1130638 0.9354515 0.4239873 0.5567233 0.1130638 0.9354515 0.02674144 0.2169424 0.4239873 0.5567233 0.6943286 0.9629681 0.113915 0.9349386 0.4261472 0.5543059 0.113915 0.9349386 0.02331101 0.2036781 0.4261472 0.5543059 0.02331101 0.2036781 0.453174 0.02022051 0.4261472 0.5543059 0.453174 0.02022051 0.8348352 0.3005757 0.4261472 0.5543059 0.8348352 0.3005757 0.6943286 0.9629681 0.4261472 0.5543059 0.1125555 0.9360505 0.02195161 0.2062672 0.423771 0.5561565 0.02195161 0.2062672 0.4504096 0.02326601 0.423771 0.5561565 0.4504096 0.02326601 0.8312026 0.3024262 0.423771 0.5561565 0.8312026 0.3024262 0.6915641 0.9636233 0.423771 0.5561565 0.6915641 0.9636233 0.1125555 0.9360505 0.423771 0.5561565 0.8878024 0.9700523 0.8676324 0.01024931 0.9942672 0.01139861 0.8878024 0.9700523 0.8676324 0.01024931 0.9942672 0.01139861 0.8878024 0.9700523 0.8676324 0.01024931 0.9942672 0.01139861 0.8878024 0.9700523 0.8676324 0.01024931 0.9942672 0.01139861 0.8676324 0.01024931 0.8676325 0.01024949 0.8878024 0.9700523 0.02674144 0.2169424 0.4523575 0.01962542 0.4239873 0.5567233 0.4523575 0.01962542 0.8341545 0.3127314 0.4239873 0.5567233 0.8341545 0.3127314 0.6901406 0.9603118 0.4239873 0.5567233 0.6901406 0.9603118 0.1130638 0.9354515 0.4239873 0.5567233 0.1130638 0.9354515 0.02674144 0.2169424 0.4239873 0.5567233 0.6943286 0.9629681 0.113915 0.9349386 0.4261472 0.5543059 0.113915 0.9349386 0.02331101 0.2036781 0.4261472 0.5543059 0.02331101 0.2036781 0.453174 0.02022051 0.4261472 0.5543059 0.453174 0.02022051 0.8348352 0.3005757 0.4261472 0.5543059 0.8348352 0.3005757 0.6943286 0.9629681 0.4261472 0.5543059 0.1125555 0.9360505 0.02195161 0.2062672 0.423771 0.5561565 0.02195161 0.2062672 0.4504096 0.02326601 0.423771 0.5561565 0.4504096 0.02326601 0.8312026 0.3024262 0.423771 0.5561565 0.8312026 0.3024262 0.6915641 0.9636233 0.423771 0.5561565 0.6915641 0.9636233 0.1125555 0.9360505 0.423771 0.5561565 0.8878024 0.9700523 0.8676324 0.01024931 0.9942672 0.01139861 0.8878024 0.9700523 0.8676324 0.01024931 0.9942672 0.01139861 0.8878024 0.9700523 0.8676324 0.01024931 0.9942672 0.01139861 0.8878024 0.9700523 0.8676324 0.01024931 0.9942672 0.01139861 0.8676324 0.01024931 0.8676325 0.01024949 0.8878024 0.9700523 0.8676324 0.01024931 0.9942672 0.01139861 0.8676325 0.01024949 0.8878024 0.9700523 0.8676324 0.01024931 0.9942672 0.01139861 0.8676324 0.01024931 0.9942672 0.01139861 0.8676325 0.01024949 0.8676324 0.01024931 0.9942672 0.01139861 0.8676325 0.01024949</float_array>
          <technique_common>
            <accessor source="#Circle_002-mesh-map-0-array" count="252" stride="2">
              <param name="S" type="float"/>
              <param name="T" type="float"/>
            </accessor>
          </technique_common>
        </source>
        <vertices id="Circle_002-mesh-vertices">
          <input semantic="POSITION" source="#Circle_002-mesh-positions"/>
        </vertices>
        <triangles material="conifer-material" count="84">
          <input semantic="VERTEX" source="#Circle_002-mesh-vertices" offset="0"/>
          <input semantic="NORMAL" source="#Circle_002-mesh-normals" offset="1"/>
          <input semantic="TEXCOORD" source="#Circle_002-mesh-map-0" offset="2" set="0"/>
          <p>1 0 0 2 1 1 5 2 2 2 1 3 3 3 4 5 2 5 3 3 6 4 4 7 5 2 8 4 4 9 0 5 10 5 2 11 0 5 12 1 0 13 5 2 14 7 6 15 8 7 16 11 8 17 8 7 18 9 9 19 11 8 20 9 9 21 10 10 22 11 8 23 10 10 24 6 11 25 11 8 26 6 11 27 7 6 28 11 8 29 13 12 30 14 13 31 17 14 32 14 13 33 15 15 34 17 14 35 15 15 36 16 16 37 17 14 38 16 16 39 12 17 40 17 14 41 12 17 42 13 12 43 17 14 44 18 18 45 19 19 46 20 20 47 18 18 48 20 20 49 22 21 50 18 18 51 22 21 52 21 22 53 18 18 54 21 22 55 19 19 56 20 20 57 21 22 58 22 21 59 24 23 60 25 24 61 28 25 62 25 24 63 26 26 64 28 25 65 26 26 66 27 27 67 28 25 68 27 27 69 23 28 70 28 25 71 23 28 72 24 23 73 28 25 74 30 29 75 31 30 76 34 31 77 31 30 78 32 32 79 34 31 80 32 32 81 33 33 82 34 31 83 33 33 84 29 34 85 34 31 86 29 34 87 30 29 88 34 31 89 36 35 90 37 36 91 40 37 92 37 36 93 38 38 94 40 37 95 38 38 96 39 39 97 40 37 98 39 39 99 35 40 100 40 37 101 35 40 102 36 35 103 40 37 104 41 41 105 42 42 106 43 43 107 41 41 108 43 43 109 45 44 110 41 41 111 45 44 112 44 45 113 41 41 114 44 45 115 42 42 116 45 44 117 42 42 118 44 45 119 47 46 120 48 47 121 51 48 122 48 47 123 49 49 124 51 48 125 49 49 126 50 50 127 51 48 128 50 50 129 46 51 130 51 48 131 46 51 132 47 46 133 51 48 134 53 52 135 54 53 136 57 54 137 54 53 138 55 55 139 57 54 140 55 55 141 56 56 142 57 54 143 56 56 144 52 57 145 57 54 146 52 57 147 53 52 148 57 54 149 59 58 150 60 59 151 63 60 152 60 59 153 61 61 154 63 60 155 61 61 156 62 62 157 63 60 158 62 62 159 58 63 160 63 60 161 58 63 162 59 58 163 63 60 164 64 64 165 65 65 166 66 66 167 64 64 168 66 66 169 68 67 170 64 64 171 68 67 172 67 68 173 64 64 174 67 68 175 65 65 176 66 66 177 67 68 178 68 67 179 70 69 180 71 70 181 74 71 182 71 70 183 72 72 184 74 71 185 72 72 186 73 73 187 74 71 188 73 73 189 69 74 190 74 71 191 69 74 192 70 69 193 74 71 194 76 75 195 77 76 196 80 77 197 77 76 198 78 78 199 80 77 200 78 78 201 79 79 202 80 77 203 79 79 204 75 80 205 80 77 206 75 80 207 76 75 208 80 77 209 82 81 210 83 82 211 86 83 212 83 82 213 84 84 214 86 83 215 84 84 216 85 85 217 86 83 218 85 85 219 81 86 220 86 83 221 81 86 222 82 81 223 86 83 224 87 87 225 88 88 226 89 89 227 87 87 228 89 89 229 91 90 230 87 87 231 91 90 232 90 91 233 87 87 234 90 91 235 88 88 236 89 89 237 90 91 238 91 90 239 20 20 240 19 19 241 21 22 242 45 44 243 43 43 244 42 42 245 66 66 246 65 65 247 67 68 248 89 89 249 88 88 250 90 91 251</p>
        </triangles>
      </mesh>
    </geometry>
    <geometry id="conifer01_003-mesh" name="conifer01.003">
      <mesh>
        <source id="conifer01_003-mesh-positions">
          <float_array id="conifer01_003-mesh-positions-array" count="240">-0.05973857 -0.2383492 0.1942732 0.02675652 0.01962804 -0.001745223 -0.06816297 0.2208232 0.08567744 -0.01751053 -0.1420932 0.2578478 0.1796689 -0.1758272 0.05937856 0.0570029 -0.2588604 0.04678457 0.0570029 -0.2588604 0.1086865 -0.1041817 0.145484 0.01093566 -0.03946483 0.124799 0.07961738 0.2024171 -0.08984154 0.01093566 -0.1115999 0.1581435 0.2185629 -0.1115999 0.1581435 0.2716667 0.2585385 -0.1063309 0.1228352 -0.1535023 0.2075158 0.07961738 0.07104504 0.1010057 0.2561792 0.02637106 -0.1858829 0.1927503 0.1893342 -0.07718211 0.2084633 0.11429 -0.0436924 0.249315 -0.02731472 -0.2187333 0.08153539 0.1933491 -0.07718211 0.1688251 0.1530966 -0.02780979 0.05184543 -0.108502 -0.008391737 0.2578478 -0.004566013 -0.2304001 0.2022584 -0.004566013 -0.2304001 0.2641602 -0.004566013 -0.2304001 0.3289999 0.1842005 -0.1616222 0.1238372 0.03250837 -0.1769014 0.05418395 -0.004374384 -0.2310096 0.3051662 -0.1682425 -0.01165604 0.08153539 0.1768184 -0.06632983 0.06831985 0.2339178 -0.02502512 0.126194 -0.02074456 -0.1673737 0.158621 -0.04033076 -0.1882596 0.04678457 -0.04033076 -0.1882596 0.1086865 -0.1002392 0.1600578 0.01093566 -0.07535356 0.2103005 0.1600781 0.1349155 -0.0511595 0.1485437 -0.12693 0.05949842 0.08715051 0.162245 -0.03629285 0.1158482 0.1192854 -0.0871005 0.05937856 0.006937563 0.006912171 0.3839592 0.1924932 -0.07212048 0.01093566 0.1880444 -0.07789617 0.1701601 0.2384359 -0.0145024 0.05790549 -0.03530335 -0.1955001 0.1864851 -0.01006978 -0.2385188 0.01064729 0.08384197 0.119733 0.1566504 0.2671341 -0.1105266 0.05184543 -0.06803476 0.09604996 0.1485437 -0.05105423 0.1289947 0.1549469 -0.1873134 0.1482251 0.08715051 0.2063596 -0.07526779 0.01093566 -0.01765066 -0.314596 0.1178845 -0.01765066 -0.314596 0.05598253 -0.1141057 0.1632051 0.01093566 -0.1282079 -0.009468495 0.158621 0.001765489 -0.2412052 0.01064729 -0.06918936 -0.2388657 0.1178845 -0.06918936 -0.2388657 0.05598253 -0.1180482 0.1486314 0.01093566 0.04711103 -0.2552793 0.1864851 -0.1476122 0.1990327 0.1549469 0.1332126 -0.08649551 0.1201376 0.002078652 0.02522927 -0.001745223 -0.08933126 0.1267212 0.06831985 0.1885507 -0.08669418 0.01093566 -0.01609963 -0.3024717 0.1942732 -0.1251128 0.07370346 0.1613254 0.006538093 0.006246745 0.2345573 0.006538093 0.008183002 0.3344166 0.006538093 0.008183002 0.4054556 0.01974004 -0.006308495 -0.001745223 -0.1762408 0.1488301 0.1613254 -0.1113754 0.1574294 0.2434084 -0.006704747 -0.2260798 0.01064729 -0.05755215 0.08095288 0.249315 0.1098405 0.1577792 0.07895117 -0.004937767 -7.0722e-4 -0.001745223 0.005130529 -0.2287662 0.01064729 0.03250837 -0.1769014 0.1160858</float_array>
          <technique_common>
            <accessor source="#conifer01_003-mesh-positions-array" count="80" stride="3">
              <param name="X" type="float"/>
              <param name="Y" type="float"/>
              <param name="Z" type="float"/>
            </accessor>
          </technique_common>
        </source>
        <source id="conifer01_003-mesh-normals">
          <float_array id="conifer01_003-mesh-normals-array" count="240">0.7653629 -0.2644985 0.586737 0.4334967 0.6814211 0.5896999 0.00708884 0.07272201 0.9973271 -0.08392333 -0.7140813 0.6950143 -0.4864054 0.7106611 0.5083017 -0.8060188 -0.005881309 0.5918607 0.6485607 -0.2212389 0.7283011 0.3551812 0.5605174 0.7481087 0.00429821 0.06419038 0.9979285 -0.05723732 -0.5725688 0.8178563 -0.4192049 0.6210817 0.6622121 -0.6753457 0.007761836 0.7374605 0.7633451 -0.2658551 0.5887491 0.4349048 0.6832588 0.5865281 0.01139271 0.08003067 0.9967273 -0.08338636 -0.7071838 0.7020953 -0.4877721 0.7097814 0.5082213 -0.8011665 -0.007291972 0.5983973 -0.01038211 -0.006833791 0.9999228 0.854983 0.515364 0.05834603 -0.5101572 0.8588934 0.04518699 -0.8560685 -0.5156718 0.03506398 0.5189338 -0.8536611 0.04439169 0.830994 -0.2842438 0.4781785 0.4692869 0.740465 0.4811251 0.006507873 0.06404858 0.9979256 -0.09083938 -0.8039117 0.5877705 -0.5136619 0.7561517 0.4054456 -0.8756865 -1.03159e-4 0.48288 0.8294513 -0.2856 0.480045 0.4703435 0.7417806 0.4780572 0.01028627 0.07047384 0.9974606 -0.09045737 -0.79835 0.5953611 -0.5148456 0.7554044 0.4053372 -0.8721995 -0.001441359 0.4891484 -0.009580612 0.01329362 0.9998658 0.8593158 0.5094677 0.04493474 -0.514414 0.8571361 0.02638417 -0.8520771 -0.5217009 0.04234373 0.5147531 -0.8554189 0.05734008 0.8749901 -0.2956089 0.3834159 0.4916923 0.7797883 0.3875164 0.006062626 0.05398845 0.9985231 -0.08822721 -0.8692496 0.4864372 -0.5280807 0.7864711 0.320303 -0.9212272 0.01255172 0.3888224 0.8845787 -0.2999534 0.3571397 0.4985271 0.7905839 0.3555954 0.008316814 0.05584281 0.998405 -0.09243601 -0.8832002 0.4597967 -0.5336831 0.7922448 0.2958561 -0.9311707 0.009519994 0.3644591 -0.006551504 0.008447349 0.9999429 0.8587259 0.5115371 0.03032696 -0.5148356 0.8571057 0.01772165 -0.8537777 -0.5198581 0.02848356 0.5152137 -0.8561893 0.03866481 0.8749687 -0.2956026 0.3834698 0.4916923 0.7797883 0.3875166 0.006073236 0.05431973 0.9985052 -0.08822721 -0.8692496 0.4864372 -0.5280807 0.7864711 0.320303 -0.9212273 0.0125519 0.3888224 0.7899354 -0.2699906 0.5505518 0.448292 0.7015939 0.5538957 -0.002896726 0.07088702 0.9974802 -0.0771346 -0.7503404 0.6565362 -0.4968987 0.7353907 0.4607518 -0.8394259 0.002965033 0.5434662 0.7195315 -0.2636044 0.6424851 0.3921949 0.682012 0.6172868 -0.07845896 0.08131313 0.9935957 -0.1221071 -0.7142383 0.6891688 -0.5239356 0.7220621 0.4517941 -0.854539 0.003231763 0.5193773 -0.05887657 0.01931881 0.9980784 0.8618137 0.4967163 0.102714 -0.4998755 0.8659369 0.01666498 -0.8452063 -0.5338224 0.02568936 0.5258218 -0.843954 0.1060819</float_array>
          <technique_common>
            <accessor source="#conifer01_003-mesh-normals-array" count="80" stride="3">
              <param name="X" type="float"/>
              <param name="Y" type="float"/>
              <param name="Z" type="float"/>
            </accessor>
          </technique_common>
        </source>
        <source id="conifer01_003-mesh-map-0">
          <float_array id="conifer01_003-mesh-map-0-array" count="396">0.3383912 0.2720556 0.6577929 0.2707402 0.4870247 0.9875242 0.1578563 0.9857447 0.3292877 0.2682797 0.009551763 0.2707325 0.1578563 0.9857447 0.3291164 0.2682797 0.00911045 0.2707325 0.3291164 0.2682797 0.1578563 0.9857447 0.009351372 0.2707325 0.3373605 0.2720556 0.4870247 0.9875242 0.6584199 0.2706174 0.00971812 0.2720556 0.3291199 0.2707402 0.1583517 0.9875242 0.4865294 0.9857447 0.6579608 0.2682797 0.3382249 0.2707325 0.15815 0.9856238 0.3291164 0.2682797 0.00911045 0.2707325 0.3291164 0.2682797 0.15815 0.9856238 0.009351372 0.2707325 0.008687436 0.2720556 0.1583517 0.9875242 0.3297469 0.2706174 0.00971812 0.2720556 0.3291199 0.2707402 0.1583517 0.9875242 0.4865294 0.9857447 0.6579608 0.2682797 0.3382249 0.2707325 0.15815 0.9856238 0.3291164 0.2682797 0.00911045 0.2707325 0.3291164 0.2682797 0.15815 0.9856238 0.009351372 0.2707325 0.008687436 0.2720556 0.1583517 0.9875242 0.3297469 0.2706174 0.02391964 0.1070172 0.9991019 0.003557085 0.9991018 0.2437726 0.02391964 0.1070172 0.9991018 0.2437726 0.9991021 0.003557085 0.02391964 0.1070172 0.9991018 0.2437726 0.9991019 0.003557085 0.9991021 0.003557085 0.9991018 0.2437726 0.02391964 0.1070172 0.3383912 0.2720556 0.6577929 0.2707402 0.4870247 0.9875242 0.1578563 0.9857447 0.3292877 0.2682797 0.009551763 0.2707325 0.1578563 0.9857447 0.3291164 0.2682797 0.00911045 0.2707325 0.3291164 0.2682797 0.1578563 0.9857447 0.009351372 0.2707325 0.3373605 0.2720556 0.4870247 0.9875242 0.6584199 0.2706174 0.00971812 0.2720556 0.3291199 0.2707402 0.1583517 0.9875242 0.4865294 0.9857447 0.6579608 0.2682797 0.3382249 0.2707325 0.15815 0.9856238 0.3291164 0.2682797 0.00911045 0.2707325 0.3291164 0.2682797 0.15815 0.9856238 0.009351372 0.2707325 0.008687436 0.2720556 0.1583517 0.9875242 0.3297469 0.2706174 0.02391964 0.1070172 0.9991019 0.003557085 0.9991018 0.2437726 0.02391964 0.1070172 0.9991018 0.2437726 0.9991021 0.003557085 0.02391964 0.1070172 0.9991018 0.2437726 0.9991019 0.003557085 0.9991021 0.003557085 0.9991018 0.2437726 0.02391964 0.1070172 0.3383912 0.2720556 0.6577929 0.2707402 0.4870247 0.9875242 0.1578563 0.9857447 0.3292877 0.2682797 0.009551763 0.2707325 0.1578563 0.9857447 0.3291164 0.2682797 0.00911045 0.2707325 0.3291164 0.2682797 0.1578563 0.9857447 0.009351372 0.2707325 0.3373605 0.2720556 0.4870247 0.9875242 0.6584199 0.2706174 0.00971812 0.2720556 0.3291199 0.2707402 0.1583517 0.9875242 0.4865294 0.9857447 0.6579608 0.2682797 0.3382249 0.2707325 0.15815 0.9856238 0.3291164 0.2682797 0.00911045 0.2707325 0.3291164 0.2682797 0.15815 0.9856238 0.009351372 0.2707325 0.008687436 0.2720556 0.1583517 0.9875242 0.3297469 0.2706174 0.02391964 0.1070172 0.9991019 0.003557085 0.9991018 0.2437726 0.02391964 0.1070172 0.9991018 0.2437726 0.9991021 0.003557085 0.02391964 0.1070172 0.9991018 0.2437726 0.9991019 0.003557085 0.9991021 0.003557085 0.9991018 0.2437726 0.02391964 0.1070172 0.3383912 0.2720556 0.6577929 0.2707402 0.4870247 0.9875242 0.1578563 0.9857447 0.3292877 0.2682797 0.009551763 0.2707325 0.1578563 0.9857447 0.3291164 0.2682797 0.00911045 0.2707325 0.3291164 0.2682797 0.1578563 0.9857447 0.009351372 0.2707325 0.3373605 0.2720556 0.4870247 0.9875242 0.6584199 0.2706174 0.3383912 0.2720556 0.6577929 0.2707402 0.4870247 0.9875242 0.1578563 0.9857447 0.3292877 0.2682797 0.009551763 0.2707325 0.1578563 0.9857447 0.3291164 0.2682797 0.00911045 0.2707325 0.3291164 0.2682797 0.1578563 0.9857447 0.009351372 0.2707325 0.3373605 0.2720556 0.4870247 0.9875242 0.6584199 0.2706174 0.00971812 0.2720556 0.3291199 0.2707402 0.1583517 0.9875242 0.4865294 0.9857447 0.6579608 0.2682797 0.3382249 0.2707325 0.15815 0.9856238 0.3291164 0.2682797 0.00911045 0.2707325 0.3291164 0.2682797 0.15815 0.9856238 0.009351372 0.2707325 0.008687436 0.2720556 0.1583517 0.9875242 0.3297469 0.2706174 0.02391964 0.1070172 0.9991019 0.003557085 0.9991018 0.2437726 0.02391964 0.1070172 0.9991018 0.2437726 0.9991021 0.003557085 0.02391964 0.1070172 0.9991018 0.2437726 0.9991019 0.003557085 0.9991021 0.003557085 0.9991018 0.2437726 0.02391964 0.1070172</float_array>
          <technique_common>
            <accessor source="#conifer01_003-mesh-map-0-array" count="198" stride="2">
              <param name="S" type="float"/>
              <param name="T" type="float"/>
            </accessor>
          </technique_common>
        </source>
        <vertices id="conifer01_003-mesh-vertices">
          <input semantic="POSITION" source="#conifer01_003-mesh-positions"/>
        </vertices>
        <triangles material="conifer_01_tga_nocull-material" count="66">
          <input semantic="VERTEX" source="#conifer01_003-mesh-vertices" offset="0"/>
          <input semantic="NORMAL" source="#conifer01_003-mesh-normals" offset="1"/>
          <input semantic="TEXCOORD" source="#conifer01_003-mesh-map-0" offset="2" set="0"/>
          <p>36 0 0 46 1 1 69 2 2 69 2 3 31 3 4 36 0 5 69 2 6 48 4 7 55 5 8 48 4 9 69 2 10 46 1 11 31 3 12 69 2 13 55 5 14 29 6 15 76 7 16 68 8 17 68 8 18 18 9 19 29 6 20 68 8 21 64 10 22 28 11 23 64 10 24 68 8 25 76 7 26 18 9 27 68 8 28 28 11 29 17 12 30 14 13 31 70 14 32 70 14 33 3 15 34 17 12 35 70 14 36 75 16 37 21 17 38 75 16 39 70 14 40 14 13 41 3 15 42 70 14 43 21 17 44 40 18 45 1 19 46 63 20 47 40 18 48 63 20 49 77 21 50 40 18 51 71 22 52 1 19 53 77 21 54 71 22 55 40 18 56 8 23 57 2 24 58 10 25 59 10 25 60 37 26 61 8 23 62 10 25 63 13 27 64 50 28 65 13 27 66 10 25 67 2 24 68 37 26 69 10 25 70 50 28 71 49 29 72 35 30 73 11 31 74 11 31 75 67 32 76 49 29 77 11 31 78 61 33 79 72 34 80 61 33 81 11 31 82 35 30 83 67 32 84 11 31 85 72 34 86 73 35 87 34 36 88 54 37 89 73 35 90 54 37 91 59 38 92 73 35 93 7 39 94 34 36 95 59 38 96 7 39 97 73 35 98 6 40 99 79 41 100 23 42 101 23 42 102 52 43 103 6 40 104 23 42 105 33 44 106 57 45 107 33 44 108 23 42 109 79 41 110 52 43 111 23 42 112 57 45 113 60 46 114 15 47 115 24 48 116 24 48 117 66 49 118 60 46 119 24 48 120 44 50 121 0 51 122 44 50 123 24 48 124 15 47 125 66 49 126 24 48 127 0 51 128 27 52 129 78 53 130 74 54 131 27 52 132 74 54 133 45 55 134 27 52 135 56 56 136 78 53 137 45 55 138 56 56 139 27 52 140 5 57 141 26 58 142 22 59 143 22 59 144 53 60 145 5 57 146 22 59 147 32 61 148 58 62 149 32 61 150 22 59 151 26 58 152 53 60 153 22 59 154 58 62 155 47 63 156 43 64 157 19 65 158 19 65 159 4 66 160 47 63 161 19 65 162 20 67 163 39 68 164 20 67 165 19 65 166 43 64 167 4 66 168 19 65 169 39 68 170 12 69 171 30 70 172 16 71 173 16 71 174 25 72 175 12 69 176 16 71 177 38 73 178 62 74 179 38 73 180 16 71 181 30 70 182 25 72 183 16 71 184 62 74 185 42 75 186 51 76 187 41 77 188 42 75 189 41 77 190 65 78 191 42 75 192 9 79 193 51 76 194 65 78 195 9 79 196 42 75 197</p>
        </triangles>
      </mesh>
    </geometry>
    <geometry id="deciduous_A-mesh" name="deciduous_A">
      <mesh>
        <source id="deciduous_A-mesh-positions">
          <float_array id="deciduous_A-mesh-positions-array" count="777">0.1440855 0.02418398 0.2029518 0.1884967 0.1341925 0.1753455 0.056634 -0.01706695 0.07605981 -0.05639827 -0.05207711 0.4586513 0.01932543 -0.03550398 0.002313196 -0.06143206 -0.08067554 0.2849614 0.2278174 0.1935387 0.2256545 0.2278174 0.1935387 0.2256545 -0.03104841 -0.007312417 0.126236 -0.0606575 -0.02461755 0.4251171 -0.1747524 -0.1290331 0.4135134 0.03989332 -0.01264196 0.1039748 0.1557569 0.1287121 0.0629357 0.2042211 -0.008743166 0.2285367 0.01868653 0.03077238 0.2577224 -0.06895774 -0.03973227 0.2521808 -0.07322108 -0.01394021 0.3678829 -0.1113527 -0.07318216 0.4284703 -0.1443578 -0.09570419 0.3320438 -0.1525484 -0.09691452 0.3246182 0.1601312 0.1290598 0.06815683 0.215482 0.03960257 0.2801614 -0.07798653 -0.08311045 0.4262616 0.1936232 0.1404246 0.2333844 0.1453525 0.1144514 0.1516313 -0.08216142 -0.04657965 0.2228022 -0.05258405 -0.06805229 0.3481937 0.1666108 0.122491 0.05877578 -0.08392554 -0.01300847 0.464933 0.02537256 0.0498405 0.2295721 -0.01862192 0.01660788 0.1815786 0.01513057 -0.008079051 0.1898221 0.1162034 0.02710694 0.3909624 0.04257345 0.03133213 0.2302542 0.1659672 0.1281245 0.06076955 0.2137544 0.1739647 0.3825618 -0.1297342 -0.1018018 0.06253975 -0.01804703 -0.07023644 0.1600261 0.03842455 0.144617 0.3364975 0.05279701 0.003664314 0.1089523 -0.07180702 -0.04316252 0.4590231 -0.07180702 -0.04316252 0.4590231 -0.005372405 0.02789366 0.4233228 -0.1408523 -0.1242051 0.4189412 -0.06687939 -0.01117885 0.1850867 -0.03520518 -0.06441932 0.2604243 0.06509315 0.04474794 0.4667417 0.1930398 0.1732248 0.2365803 0.0562064 0.1067969 0.4153546 0.04589426 0.06981921 0.3974065 0.1656126 0.1130511 0.2001177 -0.04763168 -0.08833968 0.2050817 0.1507853 0.1236734 -0.03341668 -0.06708163 -0.08095026 0.1894981 0.2021634 0.1525518 0.356598 0.2021634 0.1525518 0.356598 -0.06871962 -0.07570445 0.2432534 0.05725371 0.002363204 0.07335144 0.2128932 0.1810263 0.1405011 0.0466839 0.06469804 0.2507862 -0.1796885 -0.06898093 0.4008339 -0.007619738 0.07454657 0.3178464 0.06720137 -0.02369338 0.3214148 0.05722928 -0.03724336 -0.001493215 0.1751213 0.1234061 0.236608 0.1798954 0.1322087 0.361689 -0.193346 -0.09834158 0.4110359 0.0377444 0.003258466 0.07531064 0.1474144 0.01551502 0.1994559 0.2052865 0.202614 0.3628292 -0.05946075 -0.03244769 0.3824837 -0.1256962 -0.104455 0.1627684 -0.1361674 -0.1021937 0.163748 -0.1091921 -0.06393164 0.3406239 0.06944125 0.03481775 0.2518715 0.02552592 0.05325055 0.2543675 0.1102678 0.07201647 0.2298688 -0.1106396 -0.06988996 0.3451333 0.2084168 0.1820659 0.1437383 0.0781027 -0.0451104 0.3058127 0.2011461 0.1156621 0.2348852 -0.08938866 -0.08067631 0.2394443 0.2081369 0.1493151 0.3551709 0.2081369 0.1493151 0.3551709 -0.1219028 -0.1042041 0.4459033 0.1989788 0.1031228 0.1979088 -0.1022484 -0.06399679 0.3387968 0.1668266 0.1223181 0.06869983 0.2375293 0.1855245 0.3013886 -0.05877327 -0.01882255 0.2966109 0.2439744 0.1473664 0.3527927 0.1432626 0.1042902 0.2071257 0.1432626 0.1042902 0.2071257 -0.07638525 -0.04328423 0.459528 -0.07638525 -0.04328423 0.459528 0.2043634 0.147422 0.3568199 0.2043634 0.147422 0.3568199 0.154024 0.1056304 -0.03130614 0.007645905 -0.02844017 0.3282803 -0.05679559 -0.06123334 0.3625127 -0.05679559 -0.06123334 0.3625127 -0.1018441 -0.06282716 0.4649606 -0.09525716 -0.01899427 0.428043 0.1921385 0.08421272 0.2467893 0.223878 0.1268336 0.1920286 -0.1022496 -0.03822052 0.4616577 -0.08524143 -0.08256614 0.2341443 0.197907 0.1463369 0.2673586 -0.08570581 -0.04348611 0.3583048 0.05783373 0.0569722 0.39788 0.1028523 0.02303475 0.2453356 -0.1556198 -0.06101799 0.4297563 0.1540797 -0.02679264 0.1541018 0.1488471 0.02168422 0.1973014 0.1817082 0.167239 0.1996904 -0.08454674 -0.05296438 0.2583033 -0.0167458 -0.02460998 0.118896 0.2073472 0.153681 0.3546122 0.2073472 0.153681 0.3546122 -0.1055762 -0.08116102 0.4160293 0.1747158 0.1480127 0.233305 -0.0813843 -0.06365269 0.1968382 0.165482 0.1308411 0.05938023 0.2316586 0.1921855 0.2245165 0.2316586 0.1921855 0.2245165 0.1610795 0.1463174 0.1984338 -0.03955525 -0.04473567 0.3429926 0.1446945 0.09697473 0.2046676 0.1446945 0.09697473 0.2046676 0.1507431 0.1079503 0.1501322 -0.1563907 -0.07894957 0.3166083 -0.07581919 -0.07057112 0.4632378 -0.06395673 -0.01946455 0.4636809 0.1659229 0.1168872 0.3049376 0.0159077 -0.02515208 0.1638581 -0.1529387 -0.09569597 0.4341676 -0.1529387 -0.09569597 0.4341676 -0.09497445 -0.0799182 0.296096 -0.04555332 -0.05978626 0.1379876 -0.07874649 -0.06746149 0.3568783 -0.1247635 -0.09764504 0.1702879 8.2795e-4 0.009218454 0.1971622 0.04995423 -0.008577048 0.1132276 0.1447979 0.1063 0.1467506 -4.733e-4 -0.03640794 0.2382923 -0.02565258 0.01528072 0.3266922 0.1595654 0.163837 0.3028842 -0.1415081 -0.1036357 0.4503253 0.02052932 0.002246141 -0.00294876 0.09969544 0.08310002 0.3054752 0.1996907 0.1434065 0.2318532 -0.1255642 -0.09418195 0.1591945 -0.1486276 -0.1023041 0.06462329 -0.07201069 -0.04885673 0.4598192 -0.07201069 -0.04885673 0.4598192 0.002704083 -0.0319994 0.1344795 -0.1306948 -0.09223341 0.1698748 0.05725365 0.002363204 0.07335144 -0.1505575 -0.0919314 0.436091 -0.1505575 -0.0919314 0.436091 0.06622809 0.05649471 0.2496753 -0.0318256 0.009760558 0.1522001 0.2129695 0.1028885 0.301823 0.2334427 0.1935108 0.3610638 0.05663394 -0.01706695 0.07605981 -0.1074542 -0.0485894 0.3031228 0.2163078 0.1616157 0.1967645 0.1288528 0.1183248 -0.03028845 -0.07762175 -0.04766297 0.4602553 -0.07762175 -0.04766297 0.4602553 -0.05619305 0.02337992 0.3487408 0.1787762 -0.004049241 0.2746597 -0.1255642 -0.09418195 0.1591945 0.1631399 0.03121525 0.3017007 0.2314905 0.1956376 0.2211973 0.2314905 0.1956376 0.2211973 0.159448 0.1188933 0.06134921 0.159448 0.1188933 0.06134921 0.02792334 -0.01633089 0.4097862 0.2205671 0.1341561 0.2302986 -0.05300915 -0.01489681 0.3611921 0.2480776 0.1363208 0.2935318 -0.03442806 -0.0814923 0.2344602 -0.1499134 -0.09731894 0.4346448 -0.1499134 -0.09731894 0.4346448 0.05822539 0.06925332 0.3961682 0.007214725 0.08269071 0.425801 0.1596877 0.124899 0.0709632 -0.06010913 -0.06051027 0.3641437 -0.06010913 -0.06051027 0.3641437 0.1989341 0.1527644 0.2495319 -0.02070027 -0.01194548 0.2486728 0.2130087 0.1667687 0.2353283 -0.1187131 -0.049259 0.3986775 -0.1492467 -0.09121257 0.3315243 -0.1311553 -0.1145087 0.3261891 0.2165907 0.1212898 0.3592597 -0.1587081 -0.07849639 0.4576709 0.1047109 0.08205986 0.39985 -0.1473801 -0.09482622 0.4362268 -0.1473801 -0.09482622 0.4362268 -0.08702939 -0.08806627 0.2409932 0.04816532 0.104729 0.308404 0.2203142 0.02066814 0.1980633 -0.05308729 -0.0593996 0.4203813 0.1129531 0.1066077 0.3126742 0.0455026 0.05753809 0.3991184 -0.1255105 -0.07337975 0.4547493 0.1081672 0.02594667 0.3112656 0.1306115 0.02217108 0.2990182 0.1991977 0.1503303 0.2342945 -0.03685253 0.1075772 0.3525486 0.1223504 -0.0209394 0.2116162 -0.1331889 -0.09476816 0.1628392 0.1661767 0.1232206 0.06101292 -0.1350269 -0.09928113 0.1642575 0.05390381 0.01599043 0.2557209 0.03131586 0.01419007 0.2583248 0.1793237 0.1669045 0.3570317 -0.05725967 -0.06522583 0.3650622 -0.05725967 -0.06522583 0.3650622 0.05843323 5.0679e-4 -0.006755232 -0.1340608 -0.09431451 0.1606696 0.02480828 0.0321474 0.2320383 0.1887435 0.1934532 0.3055142 0.167442 0.06146937 0.1262315 -0.07803124 -0.03346884 0.4778845 -0.08846861 -0.05204069 0.4036982 0.2142718 0.1771171 0.1489016 0.2284151 0.1960731 0.2227519 0.2284151 0.1960731 0.2227519 -0.1019974 -0.0718165 0.3441349 0.04313772 0.04902523 0.227788 0.2149369 0.0620374 0.2061865 -0.04472798 -0.05078166 0.2782934 -0.04820662 -0.001495242 0.2266343 -0.04950785 -0.04712176 0.2677644 -0.005033135 -0.04457241 0.3279413 0.1911027 0.1485664 0.2370532 -0.1158858 -0.03991574 0.4267865 -0.1305745 -0.1253003 0.06582492 -0.129401 -0.1023133 0.1656644 0.1603557 0.1291037 0.06411522 0.1426528 0.01801478 0.2051064 0.2084129 0.179325 0.1509201 0.1380337 0.09728509 -0.02841818 0.1390129 0.08912146 0.1768625 -0.1479628 -0.09945929 0.3263574 0.0820297 -0.01668101 0.3953844 -0.09230566 -0.02261006 0.3079107 0.1690867 0.07049554 0.2892972 0.1504084 0.09878492 0.2047315 0.1504084 0.09878492 0.2047315 6.2573e-4 -0.06055289 0.2015737 0.1741474 0.009882688 0.116102 -0.1277713 -0.1016438 0.1693094 -0.1537298 -0.1203739 0.0676248 -0.191984 -0.1245965 0.3677218 -0.06578034 -0.03532379 0.148368</float_array>
          <technique_common>
            <accessor source="#deciduous_A-mesh-positions-array" count="259" stride="3">
              <param name="X" type="float"/>
              <param name="Y" type="float"/>
              <param name="Z" type="float"/>
            </accessor>
          </technique_common>
        </source>
        <source id="deciduous_A-mesh-normals">
          <float_array id="deciduous_A-mesh-normals-array" count="801">-0.08409351 0.2731592 -0.9582862 -0.3040606 0.1485605 -0.9409979 -0.3217337 0.1118937 -0.9401953 -0.07964479 0.2734439 -0.958585 -0.324327 -0.1031266 -0.9403068 -0.3111613 -0.1359887 -0.9405775 -0.152889 -0.3041047 -0.9402901 -0.1679053 -0.2955952 -0.9404422 0.0943793 -0.3321811 -0.9384819 0.05534964 -0.3416578 -0.9381932 0.2626619 -0.1591368 -0.9516745 0.256595 -0.1753419 -0.9504811 0.2005717 0.1316086 -0.9707987 0.2036769 0.1274785 -0.9707033 0.01005482 0.3173862 0.9482431 0.4481047 0.06945157 0.8912792 0.3462029 0.7463481 0.568426 -0.02794975 5.04524e-4 0.9996093 0.1058069 -0.3600349 0.9269196 0.6289272 -0.7382654 0.2437517 0.7999072 -0.2065894 -0.5634442 0.7769117 0.4659697 -0.4234156 -0.1425384 0.3502844 0.9257342 0.08778071 0.9391043 0.3322317 -0.1600618 -0.01584202 0.98698 -0.0694788 -0.4524218 0.8890935 0.3229929 -0.9206393 -0.2193144 0.3631548 -0.2075842 -0.9083103 0.3482093 0.3607232 -0.8652336 -0.1224301 0.218931 0.968029 0.1138417 0.03823888 0.9927628 0.1109298 0.3533443 0.9288931 -0.198906 -0.04558175 0.978958 -0.04737472 -0.314134 0.948196 0.3034143 -0.369655 0.8782341 0.5417436 -0.08047139 0.836683 0.4173648 0.2622547 0.8700743 -0.184426 0.2552462 0.949124 0.07902765 0.4316568 0.8985695 -0.2863391 -0.0423187 0.9571933 -0.1471729 -0.4099149 0.9001722 0.3498533 -0.5780625 0.7371882 0.7437424 -0.1131967 0.6588124 0.4822139 0.3775107 0.7905412 -0.9024578 0.1600739 0.3999329 -0.3587516 -0.4000041 0.8433825 -0.279935 0.1968407 0.9396224 -0.7527635 -0.268848 -0.6008893 -0.3780005 -0.5568815 -0.7395936 -0.007038652 -0.9364132 -0.3508286 0.2977928 -0.5987222 0.7435396 0.1644619 -0.1229976 0.9786849 -0.002417087 0.07212603 0.9973926 -0.768522 0.5574762 -0.3139971 -0.2169761 0.5157243 0.8288244 -0.3946481 -0.002653539 -0.9188284 -0.1307311 -0.2480666 -0.9598814 0.216973 -0.5157006 -0.82884 0.7685139 -0.5574701 0.3140278 0.3946688 0.002692043 0.9188196 0.1307321 0.2481081 0.9598706 -0.5522353 0.6682758 -0.4984412 -0.1076012 0.636165 0.7640132 -0.2772537 0.06878745 -0.9583312 -0.06259924 -0.1592129 -0.9852576 0.2697567 -0.3509866 -0.8966826 0.918841 -0.3675569 0.143643 0.4794908 0.1013425 0.8716756 0.2040903 0.3297333 0.9217501 -0.5617939 -0.5579292 -0.6108214 0.3995029 0.3440905 -0.8497053 0.3969216 -0.5899258 -0.703165 -0.5133918 0.4040552 -0.7570787 -0.2930155 -0.2381676 0.9259687 0.4866387 0.4765487 0.7321776 -0.2888727 0.494347 0.8198621 0.4378659 -0.2897154 0.8510808 0.603762 -0.4560096 0.6538553 -0.3748721 -0.6048207 0.7026115 0.5814975 -0.5099365 0.633897 -0.7795844 -0.5480482 0.3031361 0.7844163 0.5988835 0.1613371 0.6089723 0.6797674 -0.4087409 -0.6556471 0.7508143 -0.08003002 -0.6597712 0.6149741 -0.4318668 0.01654744 -0.07354581 0.9971546 0.9050429 0.4106671 -0.1106802 0.1249966 0.6191476 0.7752625 0.711917 -0.565267 0.4167104 -0.1027941 -0.2786716 0.9548695 0.3510076 -0.6942619 -0.6283264 0.2005096 0.3245508 -0.9243716 -0.2226359 0.5627878 0.7960548 0.4363414 0.4970982 0.7499998 0.05834913 0.08847898 0.9943677 0.5347934 -0.07122421 0.8419758 -0.05968052 0.681081 0.7297719 -0.3453308 0.1675727 0.9233992 -0.2744513 -0.1650809 0.9473252 0.1716665 -0.3277279 0.9290453 0.459167 0.4244114 -0.7804106 0.6349418 -0.2663179 -0.725206 -0.3031355 0.5755112 -0.7595366 -0.833146 0.1911315 -0.5189763 -0.6756757 -0.5813955 -0.4532569 0.1336494 -0.833155 -0.5366477 -0.07547855 -0.05720692 -0.9955052 0.421536 0.4928455 0.7611904 0.05867379 0.08831173 0.9943634 0.514306 -0.06229805 0.8553412 -0.05006957 0.6797355 0.7317463 -0.3208673 0.1629163 0.9330073 -0.2616505 -0.1541108 0.9527796 0.1680862 -0.3104345 0.9356161 0.4632735 0.4213623 -0.7796354 0.6418393 -0.2689315 -0.7181352 -0.3067137 0.5675495 -0.7640774 -0.8389977 0.1908254 -0.5095769 -0.677896 -0.5826649 -0.4482841 0.1348792 -0.8363482 -0.5313466 -0.07467812 -0.05878305 -0.9954737 0.03752517 0.7055376 0.7076783 -0.4878464 -0.5143798 -0.7052797 -0.3505601 0.7791329 0.5196725 -0.1963533 -0.6206077 -0.7591386 0.9167717 -0.310799 0.2508663 0.7769635 -0.08942419 0.6231622 -0.3926354 -0.5888932 -0.7064293 -0.6322671 0.6422908 0.4332446 0.9238593 -0.3771705 -0.06501215 -0.6460193 0.330736 0.6879484 -0.2128704 -0.7384557 0.6398198 -0.6923344 0.4571275 0.5583078 -0.2410232 -0.5967038 0.76541 0.8467941 -0.4494807 -0.2844417 0.8489115 -0.525213 -0.05916553 0.4864559 0.7650502 -0.4219703 0.4491479 0.838546 -0.3083942 -0.291647 -0.91302 0.2851958 -0.7900885 0.5233223 0.3192085 0.8474362 -0.4375216 -0.3007105 0.5717993 0.7869654 -0.2317996 -0.3608983 -0.9315918 0.04346662 -0.8888415 0.3928633 0.2358372 0.8583343 -0.502236 -0.1049826 0.5558354 0.8288928 0.06311661 0.4137271 -0.5501612 0.7253638 0.3243883 0.2547762 -0.9109673 0.6779084 -0.73135 0.07461446 0.1867479 0.09271401 -0.9780232 -0.4758066 0.7701368 -0.42485 -0.7110368 0.6894713 -0.1380438 -0.4343404 -0.04100018 0.8998152 -0.2711861 2.81036e-4 0.962527 0.5678063 0.3836091 -0.7283132 0.5620459 -0.8252261 0.05573445 -0.5104865 0.8596157 0.02155262 -0.5550341 -0.2982346 0.7765265 0.4215364 0.4928457 0.76119 0.05867439 0.08831131 0.9943634 0.5143066 -0.06229877 0.8553407 -0.05006843 0.679735 0.7317469 -0.3208659 0.1629162 0.9330077 -0.2616499 -0.1541103 0.9527799 0.1680853 -0.3104344 0.9356163 0.4632729 0.4213625 -0.7796358 0.6418392 -0.2689309 -0.7181355 -0.3067141 0.5675494 -0.7640774 -0.8389974 0.1908266 -0.5095769 -0.6778959 -0.5826643 -0.4482852 0.1348669 -0.8363156 -0.5314011 -0.074678 -0.05878287 -0.9954737 0.4220502 0.6047468 0.6753925 0.123346 0.06208878 0.9904196 0.8181997 0.008296072 0.5748743 -0.1757358 0.5500143 0.8164566 -0.3489022 0.02662402 0.9367809 -0.1695578 -0.3331074 0.927518 0.4146661 -0.4568808 0.7869639 0.2413443 0.5905477 -0.7700692 0.4936921 -0.04757779 -0.8683344 -0.5748828 0.6716424 -0.4673396 -0.9742254 0.02104932 -0.2245929 -0.5530636 -0.7351681 -0.3919802 0.2459902 -0.6636517 -0.7064384 -0.1526373 -0.02662348 -0.9879236 -0.1549722 -0.5652757 0.8102141 0.4884477 0.1650229 -0.8568468 0.1052311 -0.9128218 0.3945667 0.2268192 0.4210785 -0.8782061 -0.4751599 0.7512136 0.4581499 -0.3912923 0.4621179 0.7958251 0.5941193 0.3603235 -0.7191587 0.265615 -0.915687 0.3016055 -0.6860241 0.6120174 0.3934535 0.537678 -0.6788576 0.5000549 0.6760687 0.6631819 -0.3211246 0.5999997 -0.7148929 0.3590662 0.7167012 0.6953402 -0.05330634 -0.6133078 0.788159 0.05156761 -0.6126577 0.7597733 0.2177042 -0.6866985 -0.3835679 0.6175119 -0.6441282 -0.3815608 0.6629557 0.5286394 0.5475046 -0.6486751 0.56935 -0.8138666 0.1160258 -0.6131937 0.7886911 0.04426968 -0.646725 -0.3147003 0.6947737 0.4993123 0.4283589 -0.7531242 0.6977985 -0.6557654 -0.2881825 -0.467078 0.8829901 0.04654812 -0.5112959 -0.2975153 0.8062637 -0.07815265 0.9835752 0.1627019 -0.863743 -0.2214273 -0.4526787 -0.1710335 0.9669681 0.1889986 -0.7715984 -0.2720128 -0.5750175 0.07269811 -0.990004 -0.1208598 0.1385204 -0.9875447 -0.07461601 0.886467 0.02449256 0.4621434 0.8112404 -0.03514868 0.5836555 -0.9369438 -0.2424153 -0.2517365 -0.1058108 0.9623438 0.2503967 0.1338648 -0.9819228 -0.1338201 0.9447999 0.04539686 0.3244878 0.4040393 -0.2661108 0.8751785 0.1972581 0.20368 0.9589597 0.03299403 -0.1258683 0.9914982 0.9704805 0.04869937 0.2362116 0.5188256 0.8430891 -0.1414951 -0.171841 0.5939849 0.7859089 -0.1269409 0.1636339 0.97832 0.2960251 -0.7978993 0.5250961 -0.2156257 -0.7193379 0.6603474 0.2656657 -0.3068974 -0.9139123 -0.09720677 0.1737832 -0.9799746 -0.7211802 0.679663 0.1340056 -0.8092802 0.1058793 0.577802 -0.5636631 -0.4581809 -0.6872803 0.0654518 -0.0118727 0.9977852 0.06544989 -0.01187258 0.9977853 0.06547635 -0.01187133 0.9977836 0.1181903 0.09921085 0.9880225 0.1181889 0.09920883 0.9880228 0.1181815 0.0992279 0.9880217 0.1181911 0.09922039 0.9880214 0.1181916 0.09921783 0.9880216 0.1181855 0.09923303 0.9880208 0.1698675 0.2488504 0.9535295 0.169943 0.2488028 0.9535285 0.1699118 0.248822 0.9535291 0.1698685 0.2488087 0.9535403 0.1698412 0.2488253 0.9535408 0.1699169 0.2488312 0.9535257 0.1692566 0.172469 0.9703642 0.1692886 0.1724331 0.970365 0.1692873 0.1724334 0.9703652 0.06923568 0.08826732 0.9936878 0.06923872 0.08826494 0.9936878 0.06922966 0.08827209 0.9936878 0.06922644 0.08825904 0.9936892 0.0692237 0.08826184 0.9936891 0.06922811 0.08825856 0.9936891 -0.02735227 -0.01149863 0.9995598 -0.02398347 -0.01490205 0.9996014 -0.02735561 -0.01149785 0.9995597 -0.02731394 -0.01148498 0.999561 -0.02733504 -0.0114631 0.9995607 -0.02732551 -0.01147377 0.9995608</float_array>
          <technique_common>
            <accessor source="#deciduous_A-mesh-normals-array" count="267" stride="3">
              <param name="X" type="float"/>
              <param name="Y" type="float"/>
              <param name="Z" type="float"/>
            </accessor>
          </technique_common>
        </source>
        <source id="deciduous_A-mesh-map-0">
          <float_array id="deciduous_A-mesh-map-0-array" count="2208">0.2624392 0.5012146 0.1883913 0.3056477 0.06720423 0.4047765 0.1883913 0.3056477 0.2624392 0.5012146 0.2624392 0.3422245 0.06720423 0.4047765 0.1701029 0.2234606 0.01898515 0.188082 0.1701029 0.2234606 0.06720423 0.4047765 0.1883913 0.3056477 0.01898515 0.2578499 0.2213457 0.2883803 0.154092 0.4316254 0.2213457 0.2883803 0.01898515 0.2578499 0.1701029 0.2234606 0.154092 0.4316254 0.3035327 0.2883803 0.3707864 0.4316254 0.3035327 0.2883803 0.154092 0.4316254 0.2213457 0.2883803 0.3707864 0.4316254 0.3547756 0.2224712 0.5058932 0.2578499 0.3547756 0.2224712 0.3707864 0.4316254 0.3035327 0.2883803 0.5058932 0.1880819 0.3364872 0.3056477 0.4576742 0.4047764 0.3364872 0.3056477 0.5058932 0.1880819 0.3547756 0.2224712 0.4576742 0.4047764 0.2624392 0.3422245 0.2624392 0.5012146 0.2624392 0.3422245 0.4576742 0.4047764 0.3364872 0.3056477 0.264212 0.413583 0.2622843 0.5900376 0.3779291 0.413583 0.1504948 0.413583 0.2622843 0.5900376 0.264212 0.413583 0.03601187 0.413583 0.2622843 0.5900376 0.1504948 0.413583 0.149729 0.413583 0.2622843 0.5900376 0.03601187 0.413583 0.2634461 0.413583 0.2622843 0.5900376 0.149729 0.413583 0.3771633 0.413583 0.2622843 0.5900376 0.2634461 0.413583 0.4908804 0.413583 0.2622843 0.5900376 0.3771633 0.413583 0.3779291 0.413583 0.264212 0.1861488 0.264212 0.413583 0.264212 0.1861488 0.3779291 0.413583 0.3779291 0.1861488 0.264212 0.413583 0.1504948 0.1861488 0.1504948 0.413583 0.1504948 0.1861488 0.264212 0.413583 0.264212 0.1861488 0.1504948 0.413583 0.03601187 0.1861488 0.03601187 0.413583 0.03601187 0.1861488 0.1504948 0.413583 0.1504948 0.1861488 0.03601187 0.413583 0.149729 0.1861488 0.149729 0.413583 0.149729 0.1861488 0.03601187 0.413583 0.03601187 0.1861488 0.149729 0.413583 0.2634461 0.1861488 0.2634461 0.413583 0.2634461 0.1861488 0.149729 0.413583 0.149729 0.1861488 0.2634461 0.413583 0.3771633 0.1861488 0.3771633 0.413583 0.3771633 0.1861488 0.2634461 0.413583 0.2634461 0.1861488 0.3771633 0.413583 0.4908804 0.1861488 0.4908804 0.413583 0.4908804 0.1861488 0.3771633 0.413583 0.3771633 0.1861488 0.08672201 0.4772491 0.2692634 0.3473562 0.2483965 0.5384214 0.04750245 0.3009981 0.2692634 0.3473562 0.08672201 0.4772491 0.1573932 0.1596556 0.2692634 0.3473562 0.04750245 0.3009981 0.3336442 0.1596555 0.2692634 0.3473562 0.1573932 0.1596556 0.443535 0.3009978 0.2692634 0.3473562 0.3336442 0.1596555 0.4043154 0.477249 0.2692634 0.3473562 0.443535 0.3009978 0.2483965 0.5384214 0.2692634 0.3473562 0.4043154 0.477249 0.2513024 0.4509437 0.02426153 0.1958416 0.02426153 0.4509437 0.02426153 0.1958416 0.2513024 0.4509437 0.2513024 0.1958416 0.02426153 0.4509437 0.2522715 0.1958416 0.2522715 0.4509437 0.2522715 0.1958416 0.02426153 0.4509437 0.02426153 0.1958416 0.2522715 0.4509437 0.4790071 0.1958416 0.4790071 0.4509437 0.4790071 0.1958416 0.2522715 0.4509437 0.2522715 0.1958416 0.4790071 0.4509437 0.2519662 0.1958416 0.2519662 0.4509437 0.2519662 0.1958416 0.4790071 0.4509437 0.4790071 0.1958416 0.2519662 0.4509437 0.02456688 0.1958416 0.02456688 0.4509437 0.02456688 0.1958416 0.2519662 0.4509437 0.2519662 0.1958416 0.02456688 0.4509437 0.2516077 0.1958416 0.2516077 0.4509437 0.2516077 0.1958416 0.02456688 0.4509437 0.02456688 0.1958416 0.2516077 0.4509437 0.4786485 0.1958416 0.4786485 0.4509437 0.4786485 0.1958416 0.2516077 0.4509437 0.2516077 0.1958416 0.3844426 0.4186061 0.2642926 0.5302132 0.504635 0.4186061 0.2642503 0.4186061 0.2642926 0.5302132 0.3844426 0.4186061 0.144058 0.4186061 0.2642926 0.5302132 0.2642503 0.4186061 0.02409046 0.4186061 0.2642926 0.5302132 0.144058 0.4186061 0.1442828 0.4186061 0.2642926 0.5302132 0.02409046 0.4186061 0.2644751 0.4186061 0.2642926 0.5302132 0.1442828 0.4186061 0.3846674 0.4186061 0.2642926 0.5302132 0.2644751 0.4186061 0.504635 0.4186061 0.2642926 0.5302132 0.3846674 0.4186061 0.504635 0.4186061 0.3844426 0.306999 0.3844426 0.4186061 0.3844426 0.306999 0.504635 0.4186061 0.504635 0.306999 0.3844426 0.4186061 0.2642503 0.306999 0.2642503 0.4186061 0.2642503 0.306999 0.3844426 0.4186061 0.3844426 0.306999 0.2642503 0.4186061 0.144058 0.306999 0.144058 0.4186061 0.144058 0.306999 0.2642503 0.4186061 0.2642503 0.306999 0.144058 0.4186061 0.02409046 0.306999 0.02409046 0.4186061 0.02409046 0.306999 0.144058 0.4186061 0.144058 0.306999 0.02409046 0.4186061 0.1442828 0.306999 0.1442828 0.4186061 0.1442828 0.306999 0.02409046 0.4186061 0.02409046 0.306999 0.1442828 0.4186061 0.2644751 0.306999 0.2644751 0.4186061 0.2644751 0.306999 0.1442828 0.4186061 0.1442828 0.306999 0.2644751 0.4186061 0.3846674 0.306999 0.3846674 0.4186061 0.3846674 0.306999 0.2644751 0.4186061 0.2644751 0.306999 0.3846674 0.4186061 0.504635 0.306999 0.504635 0.4186061 0.504635 0.306999 0.3846674 0.4186061 0.3846674 0.306999 0.504635 0.306999 0.3844426 0.1953917 0.3844426 0.306999 0.3844426 0.1953917 0.504635 0.306999 0.504635 0.1953917 0.3844426 0.306999 0.2642503 0.1953917 0.2642503 0.306999 0.2642503 0.1953917 0.3844426 0.306999 0.3844426 0.1953917 0.2642503 0.306999 0.144058 0.1953917 0.144058 0.306999 0.144058 0.1953917 0.2642503 0.306999 0.2642503 0.1953917 0.144058 0.306999 0.02409046 0.1953917 0.02409046 0.306999 0.02409046 0.1953917 0.144058 0.306999 0.144058 0.1953917 0.02409046 0.306999 0.1442828 0.1953917 0.1442828 0.306999 0.1442828 0.1953917 0.02409046 0.306999 0.02409046 0.1953917 0.1442828 0.306999 0.2644751 0.1953917 0.2644751 0.306999 0.2644751 0.1953917 0.1442828 0.306999 0.1442828 0.1953917 0.2644751 0.306999 0.3846674 0.1953917 0.3846674 0.306999 0.3846674 0.1953917 0.2644751 0.306999 0.2644751 0.1953917 0.3846674 0.306999 0.504635 0.1953917 0.504635 0.306999 0.504635 0.1953917 0.3846674 0.306999 0.3846674 0.1953917 1.423997 0.1519169 -0.295997 -1.79e-6 1.424003 1.79e-6 -0.295997 -1.79e-6 1.423997 0.1519169 -0.2960032 0.1519133 1.424003 1.79e-6 -0.2960032 0.1519133 -0.295997 -1.79e-6 -0.2960032 0.1519133 1.424003 1.79e-6 1.423997 0.1519169 1.424003 1.79e-6 0.8506636 0.1519157 0.8506696 6e-7 0.8506636 0.1519157 1.424003 1.79e-6 1.423997 0.1519169 0.8506696 6e-7 0.2773301 0.1519145 0.2773363 -6e-7 0.2773301 0.1519145 0.8506696 6e-7 0.8506636 0.1519157 0.2773363 -6e-7 -0.2960032 0.1519133 -0.295997 -1.79e-6 -0.2960032 0.1519133 0.2773363 -6e-7 0.2773301 0.1519145 1.424003 1.79e-6 0.8506636 0.1519157 0.8506696 6e-7 0.8506636 0.1519157 1.424003 1.79e-6 1.423997 0.1519169 0.8506696 6e-7 0.2773301 0.1519145 0.2773363 -6e-7 0.2773301 0.1519145 0.8506696 6e-7 0.8506636 0.1519157 0.2773363 -6e-7 -0.2960032 0.1519133 -0.295997 -1.79e-6 -0.2960032 0.1519133 0.2773363 -6e-7 0.2773301 0.1519145 1.424003 1.79e-6 0.8506636 0.1519157 0.8506696 6e-7 0.8506636 0.1519157 1.424003 1.79e-6 1.423997 0.1519169 0.8506696 6e-7 0.2773301 0.1519145 0.2773363 -6e-7 0.2773301 0.1519145 0.8506696 6e-7 0.8506636 0.1519157 0.2773363 -6e-7 -0.2960032 0.1519133 -0.295997 -1.79e-6 -0.2960032 0.1519133 0.2773363 -6e-7 0.2773301 0.1519145 1.424003 1.79e-6 0.8506636 0.1519157 0.8506696 6e-7 0.8506636 0.1519157 1.424003 1.79e-6 1.423997 0.1519169 0.8506696 6e-7 0.2773301 0.1519145 0.2773363 -6e-7 0.2773301 0.1519145 0.8506696 6e-7 0.8506636 0.1519157 0.2773363 -6e-7 -0.2960032 0.1519133 -0.295997 -1.79e-6 -0.2960032 0.1519133 0.2773363 -6e-7 0.2773301 0.1519145 1.424003 1.79e-6 -0.2960032 0.1519133 -0.295997 -1.79e-6 -0.2960032 0.1519133 1.424003 1.79e-6 1.423997 0.1519169 0.2773363 -6e-7 -0.2960032 0.1519133 -0.295997 -1.79e-6 -0.2960032 0.1519133 0.2773363 -6e-7 0.2773301 0.1519145 0.2773363 -6e-7 -0.2960032 0.1519133 -0.295997 -1.79e-6 -0.2960032 0.1519133 0.2773363 -6e-7 0.2773301 0.1519145 -0.295997 -1.79e-6 0.2773301 0.1519145 -0.2960032 0.1519133 0.2773301 0.1519145 -0.295997 -1.79e-6 0.2773363 -6e-7 0.2773363 -6e-7 -0.2960032 0.1519133 -0.295997 -1.79e-6 -0.2960032 0.1519133 0.2773363 -6e-7 0.2773301 0.1519145 0.4020606 0.3376246 0.2487946 0.3281548 0.3235482 0.2039944 0.325232 0.4700392 0.2487946 0.3281548 0.4020606 0.3376246 0.1698911 0.4688239 0.2487946 0.3281548 0.325232 0.4700392 0.09137886 0.3351939 0.2487946 0.3281548 0.1698911 0.4688239 0.1682075 0.2027791 0.2487946 0.3281548 0.09137886 0.3351939 0.3235482 0.2039944 0.2487946 0.3281548 0.1682075 0.2027791 0.4876969 0.5304901 0.3333759 0.1971568 0.3333759 0.5304901 0.3333759 0.1971568 0.4876969 0.5304901 0.4876969 0.1971568 0.3333759 0.5304901 0.1790549 0.1971568 0.1790549 0.5304901 0.1790549 0.1971568 0.3333759 0.5304901 0.3333759 0.1971568 0.1790549 0.5304901 0.02508032 0.1971568 0.02508032 0.5304901 0.02508032 0.1971568 0.1790549 0.5304901 0.1790549 0.1971568 0.02508032 0.5304901 0.1794013 0.1971568 0.1794013 0.5304901 0.1794013 0.1971568 0.02508032 0.5304901 0.02508032 0.1971568 0.1794013 0.5304901 0.3337222 0.1971568 0.3337222 0.5304901 0.3337222 0.1971568 0.1794013 0.5304901 0.1794013 0.1971568 0.3337222 0.5304901 0.4876969 0.1971568 0.4876969 0.5304901 0.4876969 0.1971568 0.3337222 0.5304901 0.3337222 0.1971568 0.3410704 0.1831512 0.2404947 0.3611724 0.4417297 0.3544762 0.4417297 0.3544762 0.2404947 0.3611724 0.343229 0.5242428 0.343229 0.5242428 0.2404947 0.3611724 0.144069 0.5226847 0.144069 0.5226847 0.2404947 0.3611724 0.0434097 0.3513599 0.0434097 0.3513599 0.2404947 0.3611724 0.1419104 0.1815931 0.1419104 0.1815931 0.2404947 0.3611724 0.3410704 0.1831512 0.4020606 0.3376246 0.2487946 0.3281548 0.3235482 0.2039944 0.325232 0.4700392 0.2487946 0.3281548 0.4020606 0.3376246 0.1698911 0.4688239 0.2487946 0.3281548 0.325232 0.4700392 0.09137886 0.3351939 0.2487946 0.3281548 0.1698911 0.4688239 0.1682075 0.2027791 0.2487946 0.3281548 0.09137886 0.3351939 0.3235482 0.2039944 0.2487946 0.3281548 0.1682075 0.2027791 0.4876969 0.5304901 0.3333759 0.1971568 0.3333759 0.5304901 0.3333759 0.1971568 0.4876969 0.5304901 0.4876969 0.1971568 0.3333759 0.5304901 0.1790549 0.1971568 0.1790549 0.5304901 0.1790549 0.1971568 0.3333759 0.5304901 0.3333759 0.1971568 0.1790549 0.5304901 0.02508032 0.1971568 0.02508032 0.5304901 0.02508032 0.1971568 0.1790549 0.5304901 0.1790549 0.1971568 0.02508032 0.5304901 0.1794013 0.1971568 0.1794013 0.5304901 0.1794013 0.1971568 0.02508032 0.5304901 0.02508032 0.1971568 0.1794013 0.5304901 0.3337222 0.1971568 0.3337222 0.5304901 0.3337222 0.1971568 0.1794013 0.5304901 0.1794013 0.1971568 0.3337222 0.5304901 0.4876969 0.1971568 0.4876969 0.5304901 0.4876969 0.1971568 0.3337222 0.5304901 0.3337222 0.1971568 0.3410704 0.1831512 0.2404947 0.3611724 0.4417297 0.3544762 0.4417297 0.3544762 0.2404947 0.3611724 0.343229 0.5242428 0.343229 0.5242428 0.2404947 0.3611724 0.144069 0.5226847 0.144069 0.5226847 0.2404947 0.3611724 0.0434097 0.3513599 0.0434097 0.3513599 0.2404947 0.3611724 0.1419104 0.1815931 0.1419104 0.1815931 0.2404947 0.3611724 0.3410704 0.1831512 1.161882 0 0.2129924 0.09829473 0.2129932 0 0.2129924 0.09829473 1.161882 0 1.161881 0.09829521 1.161881 0.09829521 0.2129907 0 0.2129924 0.09829473 0.2129907 0 1.161881 0.09829521 1.16188 0.09922003 1.16188 0.09922003 0.2129894 0.150977 0.2129907 0 0.2129894 0.150977 1.16188 0.09922003 1.161878 0.1509766 0.2129932 0 0.01632571 0.09829455 0.01632654 0 0.01632571 0.09829455 0.2129932 0 0.2129924 0.09829473 0.2129907 0 0.01632571 0.09829455 0.2129924 0.09829473 0.01632571 0.09829455 0.2129907 0 0.01632398 0 0.2129894 0.150977 0.01632398 0 0.2129907 0 0.01632398 0 0.2129894 0.150977 0.01632273 0.1509772 1.000002 1.79e-6 -1.85e-6 0.150765 1.79e-6 -1.79e-6 -1.85e-6 0.150765 1.000002 1.79e-6 0.9999982 0.1507686 0.9996598 0 0.6578342 0.0795896 0.657835 0 0.6578342 0.0795896 0.9996598 0 0.9996591 0.07959002 0.9996591 0.07959002 0.6578333 0.1500121 0.6578342 0.0795896 0.6578333 0.1500121 0.9996591 0.07959002 0.9996582 0.1500125 0.9996582 0.1500125 0.657832 0.07893657 0.6578333 0.1500121 0.657832 0.07893657 0.9996582 0.1500125 0.999657 0.07893657 1.161879 0.04870939 0.2129889 0.0970602 0.2129902 0.04870939 0.2129889 0.0970602 1.161879 0.04870939 1.161878 0.09705978 1.161882 0 0.2129924 0.09829473 0.2129932 0 0.2129924 0.09829473 1.161882 0 1.161881 0.09829521 1.000002 1.79e-6 -1.85e-6 0.150765 1.79e-6 -1.79e-6 -1.85e-6 0.150765 1.000002 1.79e-6 0.9999982 0.1507686 1.16188 0.09922003 0.2129902 0.04870939 0.2129915 0.09922045 0.2129902 0.04870939 1.16188 0.09922003 1.161879 0.04870939 0.2129902 0.04870939 0.01632225 0.09706044 0.01632356 0.04870939 0.01632225 0.09706044 0.2129902 0.04870939 0.2129889 0.0970602 0.2129932 0 0.01632571 0.09829455 0.01632654 0 0.01632571 0.09829455 0.2129932 0 0.2129924 0.09829473 0.2129915 0.09922045 0.01632571 0.09829455 0.2129924 0.09829473 0.01632571 0.09829455 0.2129915 0.09922045 0.01632481 0.09922063 0.2129902 0.04870939 0.01632481 0.09922063 0.2129915 0.09922045 0.01632481 0.09922063 0.2129902 0.04870939 0.01632356 0.04870939 1.161879 0.04870939 0.2129889 0.0970602 0.2129902 0.04870939 0.2129889 0.0970602 1.161879 0.04870939 1.161878 0.09705978 1.161882 0 0.2129924 0.09829473 0.2129932 0 0.2129924 0.09829473 1.161882 0 1.161881 0.09829521 1.000002 1.79e-6 -1.85e-6 0.150765 1.79e-6 -1.79e-6 -1.85e-6 0.150765 1.000002 1.79e-6 0.9999982 0.1507686 1.16188 0.09922003 0.2129902 0.04870939 0.2129915 0.09922045 0.2129902 0.04870939 1.16188 0.09922003 1.161879 0.04870939 0.2129902 0.04870939 0.01632225 0.09706044 0.01632356 0.04870939 0.01632225 0.09706044 0.2129902 0.04870939 0.2129889 0.0970602 0.2129932 0 0.01632571 0.09829455 0.01632654 0 0.01632571 0.09829455 0.2129932 0 0.2129924 0.09829473 0.2129915 0.09922045 0.01632571 0.09829455 0.2129924 0.09829473 0.01632571 0.09829455 0.2129915 0.09922045 0.01632481 0.09922063 0.2129902 0.04870939 0.01632481 0.09922063 0.2129915 0.09922045 0.01632481 0.09922063 0.2129902 0.04870939 0.01632356 0.04870939 0.4020606 0.3376246 0.2487946 0.3281548 0.3235482 0.2039944 0.325232 0.4700392 0.2487946 0.3281548 0.4020606 0.3376246 0.1698911 0.4688239 0.2487946 0.3281548 0.325232 0.4700392 0.09137886 0.3351939 0.2487946 0.3281548 0.1698911 0.4688239 0.1682075 0.2027791 0.2487946 0.3281548 0.09137886 0.3351939 0.3235482 0.2039944 0.2487946 0.3281548 0.1682075 0.2027791 0.4876969 0.5304901 0.3333759 0.1971568 0.3333759 0.5304901 0.3333759 0.1971568 0.4876969 0.5304901 0.4876969 0.1971568 0.3333759 0.5304901 0.1790549 0.1971568 0.1790549 0.5304901 0.1790549 0.1971568 0.3333759 0.5304901 0.3333759 0.1971568 0.1790549 0.5304901 0.02508032 0.1971568 0.02508032 0.5304901 0.02508032 0.1971568 0.1790549 0.5304901 0.1790549 0.1971568 0.02508032 0.5304901 0.1794013 0.1971568 0.1794013 0.5304901 0.1794013 0.1971568 0.02508032 0.5304901 0.02508032 0.1971568 0.1794013 0.5304901 0.3337222 0.1971568 0.3337222 0.5304901 0.3337222 0.1971568 0.1794013 0.5304901 0.1794013 0.1971568 0.3337222 0.5304901 0.4876969 0.1971568 0.4876969 0.5304901 0.4876969 0.1971568 0.3337222 0.5304901 0.3337222 0.1971568 0.3410704 0.1831512 0.2404947 0.3611724 0.4417297 0.3544762 0.4417297 0.3544762 0.2404947 0.3611724 0.343229 0.5242428 0.343229 0.5242428 0.2404947 0.3611724 0.144069 0.5226847 0.144069 0.5226847 0.2404947 0.3611724 0.0434097 0.3513599 0.0434097 0.3513599 0.2404947 0.3611724 0.1419104 0.1815931 0.1419104 0.1815931 0.2404947 0.3611724 0.3410704 0.1831512 0.4039311 0.3376246 0.2506652 0.3281548 0.3254188 0.2039944 0.3271025 0.4700392 0.2506652 0.3281548 0.4039311 0.3376246 0.1717617 0.4688239 0.2506652 0.3281548 0.3271025 0.4700392 0.09324938 0.3351939 0.2506652 0.3281548 0.1717617 0.4688239 0.170078 0.2027791 0.2506652 0.3281548 0.09324938 0.3351939 0.3254188 0.2039944 0.2506652 0.3281548 0.170078 0.2027791 0.4895675 0.5304901 0.3352465 0.1971568 0.3352465 0.5304901 0.3352465 0.1971568 0.4895675 0.5304901 0.4895675 0.1971568 0.3352465 0.5304901 0.1809254 0.1971568 0.1809254 0.5304901 0.1809254 0.1971568 0.3352465 0.5304901 0.3352465 0.1971568 0.1809254 0.5304901 0.02695083 0.1971568 0.02695083 0.5304901 0.02695083 0.1971568 0.1809254 0.5304901 0.1809254 0.1971568 0.02695083 0.5304901 0.1812719 0.1971568 0.1812719 0.5304901 0.1812719 0.1971568 0.02695083 0.5304901 0.02695083 0.1971568 0.1812719 0.5304901 0.3355928 0.1971568 0.3355928 0.5304901 0.3355928 0.1971568 0.1812719 0.5304901 0.1812719 0.1971568 0.3355928 0.5304901 0.4895675 0.1971568 0.4895675 0.5304901 0.4895675 0.1971568 0.3355928 0.5304901 0.3355928 0.1971568 0.3429409 0.1831512 0.2423653 0.3611724 0.4436002 0.3544762 0.4436002 0.3544762 0.2423653 0.3611724 0.3450995 0.5242428 0.3450995 0.5242428 0.2423653 0.3611724 0.1459395 0.5226847 0.1459395 0.5226847 0.2423653 0.3611724 0.04528027 0.3513599 0.04528027 0.3513599 0.2423653 0.3611724 0.143781 0.1815931 0.143781 0.1815931 0.2423653 0.3611724 0.3429409 0.1831512 1.230928 0 0.1417058 0.1089342 0.141707 0 0.1417058 0.1089342 1.230928 0 1.230927 0.1089348 1.230927 0.1089348 0.1417033 0 0.1417058 0.1089342 0.1417033 0 1.230927 0.1089348 1.230925 0 1.230925 0 0.1417015 0.1541233 0.1417033 0 0.1417015 0.1541233 1.230925 0 1.230922 0.1541227 0.141707 0 -0.1414941 0.108934 -0.1414929 0 -0.1414941 0.108934 0.141707 0 0.1417058 0.1089342 0.1417033 0 -0.1414941 0.108934 0.1417058 0.1089342 -0.1414941 0.108934 0.1417033 0 -0.1414966 0 0.1417015 0.1541233 -0.1414966 0 0.1417033 0 -0.1414966 0 0.1417015 0.1541233 -0.1414985 0.1541236 1.274503 0.0675261 0.7822729 0.07835423 0.7822749 0.0675261 0.7822729 0.07835423 1.274503 0.0675261 1.274501 0.07835376 1.274507 0 0.782278 0.0795896 0.7822791 0 0.782278 0.0795896 1.274507 0 1.274506 0.07959002 1.274506 0.07959002 0.7822767 0.1548755 0.782278 0.0795896 0.7822767 0.1548755 1.274506 0.07959002 1.274505 0.1548759 1.274505 0.1548759 0.7822749 0.0675261 0.7822767 0.1548755 0.7822749 0.0675261 1.274505 0.1548759 1.274503 0.0675261 1.230924 0.05779671 0.1417009 0.1072923 0.1417027 0.05779671 0.1417009 0.1072923 1.230924 0.05779671 1.230922 0.1072918 1.230928 0 0.1417058 0.1089342 0.141707 0 0.1417058 0.1089342 1.230928 0 1.230927 0.1089348 1.230927 0.1089348 0.1417046 0.100098 0.1417058 0.1089342 0.1417046 0.100098 1.230927 0.1089348 1.230925 0.1000974 1.230925 0.1000974 0.1417027 0.05779671 0.1417046 0.100098 0.1417027 0.05779671 1.230925 0.1000974 1.230924 0.05779671 0.1417027 0.05779671 -0.1414991 0.1072926 -0.1414972 0.05779671 -0.1414991 0.1072926 0.1417027 0.05779671 0.1417009 0.1072923 0.141707 0 -0.1414941 0.108934 -0.1414929 0 -0.1414941 0.108934 0.141707 0 0.1417058 0.1089342 0.1417046 0.100098 -0.1414941 0.108934 0.1417058 0.1089342 -0.1414941 0.108934 0.1417046 0.100098 -0.1414954 0.1000983 0.1417027 0.05779671 -0.1414954 0.1000983 0.1417046 0.100098 -0.1414954 0.1000983 0.1417027 0.05779671 -0.1414972 0.05779671 1.230924 0.05779671 0.1417009 0.1072923 0.1417027 0.05779671 0.1417009 0.1072923 1.230924 0.05779671 1.230922 0.1072918 1.230928 0 0.1417058 0.1089342 0.141707 0 0.1417058 0.1089342 1.230928 0 1.230927 0.1089348 1.230927 0.1089348 0.1417046 0.100098 0.1417058 0.1089342 0.1417046 0.100098 1.230927 0.1089348 1.230925 0.1000974 1.230925 0.1000974 0.1417027 0.05779671 0.1417046 0.100098 0.1417027 0.05779671 1.230925 0.1000974 1.230924 0.05779671 0.1417027 0.05779671 -0.1414991 0.1072926 -0.1414972 0.05779671 -0.1414991 0.1072926 0.1417027 0.05779671 0.1417009 0.1072923 0.141707 0 -0.1414941 0.108934 -0.1414929 0 -0.1414941 0.108934 0.141707 0 0.1417058 0.1089342 0.1417046 0.100098 -0.1414941 0.108934 0.1417058 0.1089342 -0.1414941 0.108934 0.1417046 0.100098 -0.1414954 0.1000983 0.1417027 0.05779671 -0.1414954 0.1000983 0.1417046 0.100098 -0.1414954 0.1000983 0.1417027 0.05779671 -0.1414972 0.05779671 0.330897 0.4524095 0.1600068 0.5202858 0.2308099 0.4524095 0.09084433 0.4524095 0.1600068 0.5202858 0.330897 0.4524095 0.2307481 0.4524095 0.1600068 0.5202858 0.09084433 0.4524095 0.3304337 0.4524095 0.1600068 0.5202858 0.2307481 0.4524095 0.2307591 0.4524095 0.1600068 0.5202858 0.3304337 0.4524095 0.09131187 0.4524095 0.1600068 0.5202858 0.2307591 0.4524095 0.3701787 0.2370778 0.2308099 0.4524095 0.2308099 0.2370778 0.2308099 0.4524095 0.3701787 0.2370778 0.330897 0.4524095 0.09084433 0.2370778 0.330897 0.4524095 0.3701787 0.2370778 0.330897 0.4524095 0.09084433 0.2370778 0.09084433 0.4524095 0.2307481 0.2370778 0.09084433 0.4524095 0.09084433 0.2370778 0.09084433 0.4524095 0.2307481 0.2370778 0.2307481 0.4524095 0.3397865 0.341829 0.2307481 0.4524095 0.2307481 0.2370778 0.2307481 0.4524095 0.3397865 0.341829 0.3304337 0.4524095 0.2307591 0.2370778 0.3304337 0.4524095 0.3397865 0.341829 0.3304337 0.4524095 0.2307591 0.2370778 0.2307591 0.4524095 0.09131187 0.2370778 0.2307591 0.4524095 0.2307591 0.2370778 0.2307591 0.4524095 0.09131187 0.2370778 0.09131187 0.4524095 0.05812805 0.4061154 0.09498864 0.290113 0.186695 0.5245272 0.186695 0.5245272 0.09498864 0.290113 0.4342968 0.4452675 0.4342968 0.4452675 0.09498864 0.290113 0.4563592 0.2131498 0.2307481 0.2370778 0.160373 0.1692016 0.3697155 0.2370778 0.3697155 0.2370778 0.160373 0.1692016 0.2307591 0.2370778 0.2307591 0.2370778 0.160373 0.1692016 0.09131187 0.2370778 0.01632273 0.1509772 0.01632571 0.09829455 0.01632398 0 0.01632356 0.04870939 0.01632571 0.09829455 0.01632481 0.09922063 0.01632571 0.09829455 0.01632356 0.04870939 0.01632225 0.09706044 0.01632481 0.09922063 0.01632225 0.09706044 0.01632571 0.09829455 0.01632225 0.09706044 0.01632481 0.09922063 0.01632356 0.04870939 -0.1414985 0.1541236 -0.1414941 0.108934 -0.1414966 0 -0.1414972 0.05779671 -0.1414941 0.108934 -0.1414954 0.1000983 -0.1414941 0.108934 -0.1414972 0.05779671 -0.1414991 0.1072926 -0.1414972 0.05779671 -0.1414941 0.108934 -0.1414954 0.1000983 -0.1414941 0.108934 -0.1414972 0.05779671 -0.1414991 0.1072926</float_array>
          <technique_common>
            <accessor source="#deciduous_A-mesh-map-0-array" count="1104" stride="2">
              <param name="S" type="float"/>
              <param name="T" type="float"/>
            </accessor>
          </technique_common>
        </source>
        <vertices id="deciduous_A-mesh-vertices">
          <input semantic="POSITION" source="#deciduous_A-mesh-positions"/>
        </vertices>
        <triangles material="tree_a_tga_002-material" count="368">
          <input semantic="VERTEX" source="#deciduous_A-mesh-vertices" offset="0"/>
          <input semantic="NORMAL" source="#deciduous_A-mesh-normals" offset="1"/>
          <input semantic="TEXCOORD" source="#deciduous_A-mesh-map-0" offset="2" set="0"/>
          <p>202 0 0 75 1 1 61 2 2 75 1 3 202 0 4 59 3 5 61 2 6 14 4 7 145 5 8 14 4 9 61 2 10 75 1 11 145 5 12 217 6 13 98 7 14 217 6 15 145 5 16 14 4 17 98 7 18 216 8 19 62 9 20 216 8 21 98 7 22 217 6 23 62 9 24 74 10 25 208 11 26 74 10 27 62 9 28 216 8 29 208 11 30 160 12 31 149 13 32 160 12 33 208 11 34 74 10 35 149 13 36 59 3 37 202 0 38 59 3 39 149 13 40 160 12 41 250 14 42 21 15 43 103 16 44 173 17 45 21 15 46 250 14 47 171 18 48 21 15 49 173 17 50 13 19 51 21 15 52 171 18 53 203 20 54 21 15 55 13 19 56 233 21 57 21 15 58 203 20 59 103 16 60 21 15 61 233 21 62 103 16 63 76 22 64 250 14 65 76 22 66 103 16 67 246 23 68 250 14 69 110 24 70 173 17 71 110 24 72 250 14 73 76 22 74 173 17 75 212 25 76 171 18 77 212 25 78 173 17 79 110 24 80 171 18 81 112 26 82 13 19 83 112 26 84 171 18 85 212 25 86 13 19 87 254 27 88 203 20 89 254 27 90 13 19 91 112 26 92 203 20 93 225 28 94 233 21 95 225 28 96 203 20 97 254 27 98 233 21 99 246 23 100 103 16 101 246 23 102 233 21 103 225 28 104 186 29 105 46 30 106 48 31 107 42 32 108 46 30 109 186 29 110 178 33 111 46 30 112 42 32 113 248 34 114 46 30 115 178 33 116 32 35 117 46 30 118 248 34 119 198 36 120 46 30 121 32 35 122 48 31 123 46 30 124 198 36 125 48 31 126 211 37 127 186 29 128 211 37 129 48 31 130 38 38 131 186 29 132 170 39 133 42 32 134 170 39 135 186 29 136 211 37 137 42 32 138 237 40 139 178 33 140 237 40 141 42 32 142 170 39 143 178 33 144 79 41 145 248 34 146 79 41 147 178 33 148 237 40 149 248 34 150 209 42 151 32 35 152 209 42 153 248 34 154 79 41 155 32 35 156 205 43 157 198 36 158 205 43 159 32 35 160 209 42 161 198 36 162 38 38 163 48 31 164 38 38 165 198 36 166 205 43 167 25 44 168 56 45 169 15 46 170 121 47 171 56 45 172 25 44 173 53 48 174 56 45 175 121 47 176 51 49 177 56 45 178 53 48 179 182 50 180 56 45 181 51 49 182 45 51 183 56 45 184 182 50 185 236 52 186 56 45 187 45 51 188 15 46 189 56 45 190 236 52 191 15 46 192 44 53 193 25 44 194 44 53 195 15 46 196 235 54 197 25 44 198 258 55 199 121 47 200 258 55 201 25 44 202 44 53 203 121 47 204 138 56 205 53 48 206 138 56 207 121 47 208 258 55 209 53 48 210 37 57 211 51 49 212 37 57 213 53 48 214 138 56 215 51 49 216 253 58 217 182 50 218 253 58 219 51 49 220 37 57 221 182 50 222 144 59 223 45 51 224 144 59 225 182 50 226 253 58 227 45 51 228 191 60 229 236 52 230 191 60 231 45 51 232 144 59 233 236 52 234 235 54 235 15 46 236 235 54 237 236 52 238 191 60 239 235 54 240 161 61 241 44 53 242 161 61 243 235 54 244 30 62 245 44 53 246 8 63 247 258 55 248 8 63 249 44 53 250 161 61 251 258 55 252 116 64 253 138 56 254 116 64 255 258 55 256 8 63 257 138 56 258 155 65 259 37 57 260 155 65 261 138 56 262 116 64 263 37 57 264 134 66 265 253 58 266 134 66 267 37 57 268 155 65 269 253 58 270 31 67 271 144 59 272 31 67 273 253 58 274 134 66 275 144 59 276 141 68 277 191 60 278 141 68 279 144 59 280 31 67 281 191 60 282 30 62 283 235 54 284 30 62 285 191 60 286 141 68 287 4 69 288 221 70 289 63 71 290 221 70 291 4 69 292 148 72 293 206 73 294 185 74 295 49 75 296 185 74 297 206 73 298 109 76 299 4 69 300 2 77 301 11 78 302 2 77 303 4 69 304 63 71 305 11 78 306 33 79 307 223 80 308 33 79 309 11 78 310 2 77 311 223 80 312 109 76 313 206 73 314 109 76 315 223 80 316 33 79 317 63 71 318 157 81 319 2 77 320 157 81 321 63 71 322 221 70 323 2 77 324 232 82 325 33 79 326 232 82 327 2 77 328 157 81 329 33 79 330 185 74 331 109 76 332 185 74 333 33 79 334 232 82 335 221 70 336 67 83 337 157 81 338 67 83 339 221 70 340 148 72 341 157 81 342 29 84 343 232 82 344 29 84 345 157 81 346 67 83 347 232 82 348 49 75 349 185 74 350 49 75 351 232 82 352 29 84 353 148 72 354 11 78 355 67 83 356 11 78 357 148 72 358 4 69 359 67 83 360 223 80 361 29 84 362 223 80 363 67 83 364 11 78 365 29 84 366 206 73 367 49 75 368 206 73 369 29 84 370 223 80 371 243 85 372 113 86 373 0 87 374 113 86 375 243 85 376 68 88 377 142 89 378 68 88 379 243 85 380 68 88 381 142 89 382 164 90 383 164 90 384 113 86 385 68 88 386 113 86 387 164 90 388 57 91 389 113 86 390 39 92 391 0 87 392 39 92 393 113 86 394 57 91 395 39 92 396 243 85 397 0 87 398 243 85 399 39 92 400 142 89 401 163 93 402 35 94 403 90 95 404 69 96 405 35 94 406 163 93 407 218 97 408 35 94 409 69 96 410 65 98 411 35 94 412 218 97 413 196 99 414 35 94 415 65 98 416 90 95 417 35 94 418 196 99 419 90 95 420 88 100 421 163 93 422 88 100 423 90 95 424 181 101 425 163 93 426 224 102 427 69 96 428 224 102 429 163 93 430 88 100 431 69 96 432 146 103 433 218 97 434 146 103 435 69 96 436 224 102 437 218 97 438 133 104 439 65 98 440 133 104 441 218 97 442 146 103 443 65 98 444 162 105 445 196 99 446 162 105 447 65 98 448 133 104 449 196 99 450 181 101 451 90 95 452 181 101 453 196 99 454 162 105 455 181 101 456 107 106 457 88 100 458 88 100 459 107 106 460 224 102 461 224 102 462 107 106 463 146 103 464 146 103 465 107 106 466 133 104 467 133 104 468 107 106 469 162 105 470 162 105 471 107 106 472 181 101 473 192 107 474 190 108 475 179 109 476 47 110 477 190 108 478 192 107 479 120 111 480 190 108 481 47 110 482 64 112 483 190 108 484 120 111 485 80 113 486 190 108 487 64 112 488 179 109 489 190 108 490 80 113 491 179 109 492 166 114 493 192 107 494 166 114 495 179 109 496 104 115 497 192 107 498 114 116 499 47 110 500 114 116 501 192 107 502 166 114 503 47 110 504 125 117 505 120 111 506 125 117 507 47 110 508 114 116 509 120 111 510 50 118 511 64 112 512 50 118 513 120 111 514 125 117 515 64 112 516 85 119 517 80 113 518 85 119 519 64 112 520 50 118 521 80 113 522 104 115 523 179 109 524 104 115 525 80 113 526 85 119 527 104 115 528 1 120 529 166 114 530 166 114 531 1 120 532 114 116 533 114 116 534 1 120 535 125 117 536 125 117 537 1 120 538 50 118 539 50 118 540 1 120 541 85 119 542 85 119 543 1 120 544 104 115 545 20 121 546 143 122 547 24 123 548 143 122 549 20 121 550 177 124 551 177 124 552 129 125 553 143 122 554 129 125 555 177 124 556 214 126 557 214 126 558 24 123 559 129 125 560 24 123 561 214 126 562 20 121 563 24 123 564 128 127 565 92 128 566 128 127 567 24 123 568 143 122 569 129 125 570 128 127 571 143 122 572 128 127 573 129 125 574 252 129 575 24 123 576 252 129 577 129 125 578 252 129 579 24 123 580 92 128 581 167 130 582 176 131 583 12 132 584 176 131 585 167 130 586 245 133 587 245 133 588 27 134 589 176 131 590 27 134 591 245 133 592 97 135 593 97 135 594 122 136 595 27 134 596 122 136 597 97 135 598 52 137 599 52 137 600 12 132 601 122 136 602 12 132 603 52 137 604 167 130 605 12 132 606 23 138 607 238 139 608 23 138 609 12 132 610 176 131 611 176 131 612 150 140 613 23 138 614 150 140 615 176 131 616 27 134 617 27 134 618 210 141 619 150 140 620 210 141 621 27 134 622 122 136 623 122 136 624 238 139 625 210 141 626 238 139 627 122 136 628 12 132 629 238 139 630 96 142 631 55 143 632 96 142 633 238 139 634 23 138 635 23 138 636 82 144 637 96 142 638 82 144 639 23 138 640 150 140 641 210 141 642 82 144 643 150 140 644 82 144 645 210 141 646 118 145 647 238 139 648 118 145 649 210 141 650 118 145 651 238 139 652 55 143 653 87 146 654 58 147 655 228 148 656 58 147 657 87 146 658 34 149 659 34 149 660 78 150 661 58 147 662 78 150 663 34 149 664 242 151 665 242 151 666 244 152 667 78 150 668 244 152 669 242 151 670 187 153 671 187 153 672 228 148 673 244 152 674 228 148 675 187 153 676 87 146 677 228 148 678 174 154 679 123 155 680 174 154 681 228 148 682 58 147 683 58 147 684 230 156 685 174 154 686 230 156 687 58 147 688 78 150 689 244 152 690 230 156 691 78 150 692 230 156 693 244 152 694 6 157 695 228 148 696 6 157 697 244 152 698 6 157 699 228 148 700 123 155 701 132 158 702 226 159 703 3 160 704 28 161 705 226 159 706 132 158 707 105 162 708 226 159 709 28 161 710 101 163 711 226 159 712 105 162 713 131 164 714 226 159 715 101 163 716 3 160 717 226 159 718 131 164 719 3 160 720 9 165 721 132 158 722 9 165 723 3 160 724 204 166 725 132 158 726 102 167 727 28 161 728 102 167 729 132 158 730 9 165 731 28 161 732 239 168 733 105 162 734 239 168 735 28 161 736 102 167 737 105 162 738 17 169 739 101 163 740 17 169 741 105 162 742 239 168 743 101 163 744 22 170 745 131 164 746 22 170 747 101 163 748 17 169 749 131 164 750 204 166 751 3 160 752 204 166 753 131 164 754 22 170 755 204 166 756 227 171 757 9 165 758 9 165 759 227 171 760 102 167 761 102 167 762 227 171 763 239 168 764 239 168 765 227 171 766 17 169 767 17 169 768 227 171 769 22 170 770 22 170 771 227 171 772 204 166 773 180 172 774 70 173 775 126 174 776 16 175 777 70 173 778 180 172 779 108 176 780 70 173 781 16 175 782 139 177 783 70 173 784 108 176 785 26 178 786 70 173 787 139 177 788 126 174 789 70 173 790 26 178 791 126 174 792 89 179 793 180 172 794 89 179 795 126 174 796 234 180 797 180 172 798 249 181 799 16 175 800 249 181 801 180 172 802 89 179 803 16 175 804 165 182 805 108 176 806 165 182 807 16 175 808 249 181 809 108 176 810 137 183 811 139 177 812 137 183 813 108 176 814 165 182 815 139 177 816 5 184 817 26 178 818 5 184 819 139 177 820 137 183 821 26 178 822 234 180 823 126 174 824 234 180 825 26 178 826 5 184 827 234 180 828 115 185 829 89 179 830 89 179 831 115 185 832 249 181 833 249 181 834 115 185 835 165 182 836 165 182 837 115 185 838 137 183 839 137 183 840 115 185 841 5 184 842 5 184 843 115 185 844 234 180 845 255 186 846 106 187 847 201 188 848 106 187 849 255 186 850 151 189 851 151 189 852 81 190 853 106 187 854 81 190 855 151 189 856 213 191 857 213 191 858 201 188 859 81 190 860 201 188 861 213 191 862 255 186 863 201 188 864 99 192 865 220 193 866 99 192 867 201 188 868 106 187 869 81 190 870 99 192 871 106 187 872 99 192 873 81 190 874 189 194 875 201 188 876 189 194 877 81 190 878 189 194 879 201 188 880 220 193 881 240 195 882 172 196 883 71 197 884 172 196 885 240 195 886 36 198 887 36 198 888 222 199 889 172 196 890 222 199 891 36 198 892 152 200 893 152 200 894 72 201 895 222 199 896 72 201 897 152 200 898 256 202 899 256 202 900 71 197 901 72 201 902 71 197 903 256 202 904 240 195 905 71 197 906 86 203 907 231 204 908 86 203 909 71 197 910 172 196 911 172 196 912 73 205 913 86 203 914 73 205 915 172 196 916 222 199 917 222 199 918 77 206 919 73 205 920 77 206 921 222 199 922 72 201 923 72 201 924 231 204 925 77 206 926 231 204 927 72 201 928 71 197 929 231 204 930 40 207 931 154 208 932 40 207 933 231 204 934 86 203 935 86 203 936 93 209 937 40 207 938 93 209 939 86 203 940 73 205 941 77 206 942 93 209 943 73 205 944 93 209 945 77 206 946 168 210 947 231 204 948 168 210 949 77 206 950 168 210 951 231 204 952 154 208 953 156 211 954 19 212 955 194 213 956 19 212 957 156 211 958 215 214 959 215 214 960 247 215 961 19 212 962 247 215 963 215 214 964 241 216 965 241 216 966 18 217 967 247 215 968 18 217 969 241 216 970 140 218 971 140 218 972 194 213 973 18 217 974 194 213 975 140 218 976 156 211 977 194 213 978 136 219 979 158 220 980 136 219 981 194 213 982 19 212 983 19 212 984 183 221 985 136 219 986 183 221 987 19 212 988 247 215 989 18 217 990 183 221 991 247 215 992 183 221 993 18 217 994 200 222 995 194 213 996 200 222 997 18 217 998 200 222 999 194 213 1000 158 220 1001 84 223 1002 207 224 1003 147 225 1004 119 226 1005 207 224 1006 84 223 1007 193 227 1008 207 224 1009 119 226 1010 111 228 1011 207 224 1012 193 227 1013 197 229 1014 207 224 1015 111 228 1016 147 225 1017 207 224 1018 197 229 1019 43 230 1020 147 225 1021 10 231 1022 147 225 1023 43 230 1024 84 223 1025 195 232 1026 84 223 1027 43 230 1028 84 223 1029 195 232 1030 119 226 1031 130 233 1032 119 226 1033 195 232 1034 119 226 1035 130 233 1036 193 227 1037 60 234 1038 193 227 1039 130 233 1040 193 227 1041 60 234 1042 111 228 1043 66 235 1044 111 228 1045 60 234 1046 111 228 1047 66 235 1048 197 229 1049 10 231 1050 197 229 1051 66 235 1052 197 229 1053 10 231 1054 147 225 1055 10 231 1056 257 236 1057 43 230 1058 43 230 1059 257 236 1060 195 232 1061 195 232 1062 257 236 1063 130 233 1064 130 233 1065 257 236 1066 60 234 1067 60 234 1068 257 236 1069 66 235 1070 66 235 1071 257 236 1072 10 231 1073 91 237 1074 127 238 1075 251 239 1076 54 240 1077 83 241 1078 117 242 1079 83 243 1080 54 244 1081 95 245 1082 7 246 1083 175 247 1084 229 248 1085 175 249 1086 7 250 1087 124 251 1088 219 252 1089 100 253 1090 188 254 1091 153 255 1092 94 256 1093 169 257 1094 94 258 1095 153 259 1096 41 260 1097 159 261 1098 184 262 1099 199 263 1100 184 264 1101 159 265 1102 135 266 1103</p>
        </triangles>
      </mesh>
    </geometry>
    <geometry id="palm_impassable-mesh" name="palm_impassable">
      <mesh>
        <source id="palm_impassable-mesh-positions">
          <float_array id="palm_impassable-mesh-positions-array" count="984">0.1330752 0.03801059 0.382454 0.1330752 0.03801059 0.382454 0.155193 0.09120106 0.4577641 0.1208063 0.03435933 0.3530145 -0.07941371 0.03595018 0.3440051 0.1339563 0.04835885 0.3318951 0.1367791 0.03153043 0.4422672 0.01125341 -0.03395247 0.116374 -0.02528446 -0.03465127 0.4664769 0.1227053 0.05184775 0.3690988 -0.1354355 0.08631861 0.3700841 0.1700872 0.03026491 0.4249212 -0.06143838 -0.04908835 0.004921197 -0.09752768 0.01638406 0.3799263 0.01904642 -0.03739249 0.3705567 -0.07028293 0.03467142 0.3456959 -0.07262498 0.04944479 0.3434275 -0.07350242 0.04276216 0.3671742 -0.01635271 -0.178108 0.4484068 -0.0840196 0.02380788 0.01211506 0.009284496 -0.02624291 0.3967334 0.01977914 -0.03419363 0.3946734 -0.05309832 0.02173012 0.0076918 -0.07723003 0.04444408 0.3670091 -0.06608724 0.0430116 0.345339 0.1201835 0.02516442 0.4983628 0.02026414 -0.02401411 0.3950282 -5.4658e-4 -0.06834721 -0.004961133 0.0223779 0.0878371 0.4684073 -0.08553779 0.07717341 0.3906708 0.1607927 0.02250474 0.429359 0.0135982 -0.01531535 0.3874658 0.005564332 -0.04925423 0.02294701 0.07321727 -0.1690322 0.4007748 -0.07746624 0.0450167 0.3662244 0.1311485 0.05194139 0.3646152 0.1401766 0.07921236 0.4619381 0.06889832 -0.005293846 0.4323836 -0.06145459 0.1248304 0.3734633 0.122935 0.1059678 0.4616901 -0.1108193 0.05729711 0.3725051 0.1921968 0.08172273 0.4330583 -0.1110312 -0.006686389 0.3842409 0.004464387 -0.04217207 0.3977744 0.004464387 -0.04217207 0.3977744 0.0165683 0.04005539 0.001029908 -0.06455302 0.05304437 0.3333516 0.1449677 0.05197179 0.4056049 -0.06072229 -0.008904516 0.006383597 0.1414989 0.04524338 0.3764905 0.1414989 0.04524338 0.3764905 -0.1711724 0.05495369 0.3750824 0.08335113 0.01194107 0.271234 -0.01241773 -0.1381124 0.4668882 0.01061195 -0.1431183 0.4597799 0.02927231 0.002296209 0.3643659 -0.07192033 -0.01386451 0.471877 -0.00827831 -0.03695833 0.3578832 0.0898863 0.009029984 0.2733751 -0.09306305 -0.01506912 0.3855839 -0.07745856 0.03875434 0.350678 0.1311498 0.04378926 0.3663789 -0.07962501 -0.07556962 0.4565427 0.1358049 0.04788613 0.3761289 -0.05881786 -0.1134227 0.4493141 0.02568435 -0.02410554 0.3851217 -0.07839018 0.04368585 0.3432245 0.01852536 -0.02540731 0.4196794 -0.07310694 0.05314844 0.3507078 -0.07310694 0.05314844 0.3507078 0.05980676 0.0547825 0.4496191 0.1297659 -0.04885137 0.4297206 -0.02671253 0.01709836 0.03077781 0.01773703 -0.03488266 0.385431 0.008512318 -0.03455597 0.395837 -0.1433259 0.02258247 0.3778743 -0.1014384 0.05592507 0.3894143 0.134661 0.04934269 0.3769496 0.03068786 -0.005760729 -0.005978822 0.1306341 -0.005101859 0.4315289 -0.05232238 -0.01730424 0.3971577 0.03000092 -0.02339839 0.3956986 0.03000092 -0.02339839 0.3956986 0.02011507 0.07623982 0.4544818 0.02568429 -0.02410554 0.3851217 -0.05764931 -0.04484987 0.3814194 -0.02752864 -0.001053869 0.4268172 -0.08900481 0.07511436 0.3749232 0.08218795 -0.1281383 0.4287318 -0.01428443 0.1132469 0.4345914 0.1451557 0.05151045 0.4042324 0.143934 0.05251199 0.4628915 -0.1312491 -0.001308619 0.3819141 0.198738 0.1236237 0.420367 0.01377201 0.05012691 0.3969485 -0.0767036 0.01452404 0.0119276 0.1374 0.0567497 0.3762554 0.1374 0.0567497 0.3762554 0.1136359 0.03978145 0.3556736 0.1351228 0.1156981 0.4583023 0.1311486 0.05194133 0.3646152 0.1983868 0.06024539 0.4673004 -0.1481866 0.04443591 0.3889981 -0.03969085 -0.03067171 0.02989333 -0.07894843 -0.02135276 0.3942309 0.1156956 0.04870605 0.3527215 0.1094315 0.125095 0.4376867 -0.06029814 0.02883273 0.2599714 -0.0134536 0.05930864 0.3949499 0.01165282 -0.0142287 0.3733611 0.03077495 -0.03292137 -0.008084952 0.04117506 0.1175317 0.4494703 0.004060387 -0.03748583 0.3726165 -0.1553837 -0.00470072 0.3599599 -0.04377293 0.06080615 0.3962445 -0.06780666 0.07494556 0.3969995 -0.07219541 0.03759014 0.3450357 0.1461309 0.05388098 0.4032219 0.07120519 -0.04097229 0.4414549 0.1661289 0.03169476 0.4483001 -0.06900876 0.03355824 0.3358672 -0.06779867 0.02204924 0.261793 -0.07125043 0.04148077 0.3513709 -0.07262492 0.04944473 0.3434275 -0.07711523 0.03770679 0.3506132 0.05520606 -0.06632024 0.4460779 0.1883155 0.1145071 0.4086377 -0.07165265 0.04435795 0.344267 0.1159703 0.05660474 0.3493252 0.01723325 -0.02354067 0.3958452 0.05422592 -0.005640327 0.1643505 0.01359832 -0.01531541 0.3874659 0.02252024 -0.004630982 0.02230852 -5.0907e-4 -0.02316981 0.3743497 -0.02301961 0.06980985 0.4584934 -0.006336569 0.04116779 0.4103426 0.0112015 -0.02277356 0.3963738 0.01857751 -0.08397716 0.4347234 0.1214993 -0.09836125 0.3824594 0.1264431 0.05662816 0.3820738 0.1264431 0.05662816 0.3820738 0.1337623 -0.003554284 0.4621278 -0.08086115 0.0450806 0.3426031 0.1279651 0.04679745 0.3810212 0.1652042 -0.02457922 0.385931 -0.07135081 0.04833155 0.3335989 0.008960962 -0.03493726 0.3866373 0.1706982 0.1374504 0.3737317 0.02110123 -0.02574145 0.4183437 0.09940683 0.0014714 0.4914233 0.0237388 -0.02301883 0.3710169 0.1272975 0.0399329 0.348419 -0.08379501 0.04748499 0.3496379 -0.08379501 0.04748499 0.3496379 -0.06481307 0.04189842 0.3355103 0.008168876 -0.03487241 0.01816523 0.01635307 -0.0315653 0.4185498 0.01760542 -0.03127992 0.4193538 -0.08813977 0.03780317 0.3339927 -0.01534289 -0.006467878 0.4716463 0.1270832 0.04683142 0.3809604 -0.07827866 0.04493552 0.3497557 0.006005764 -0.03857249 0.3867213 0.04496937 -0.0223962 -0.009230911 0.008965551 -0.03175354 0.2972331 0.1714271 -0.002201795 0.4363175 -0.03827863 0.0211417 0.4297055 -0.005752801 -0.02152645 0.1173881 0.2435083 0.07038897 0.4427531 0.1421439 0.05266171 0.4055843 0.1656587 -0.02165615 0.3993791 -0.07941365 0.03595012 0.3440051 0.1237703 0.04504674 0.3859047 0.1237703 0.04504674 0.3859047 0.1343072 0.0430746 0.3647963 0.1006951 0.07567942 0.443172 0.01651394 -0.02269762 -0.005330145 -0.1474915 0.05962783 0.3896829 -0.06139636 0.02132451 0.2637136 -0.0842821 -0.001372873 0.010212 0.1343072 0.04307454 0.3647963 0.09876865 0.04845827 0.447804 -0.05456221 0.03829795 0.4135159 0.02099186 -0.03847914 0.3846615 -0.07201325 0.01838225 0.3317707 -0.079786 0.01574456 0.3915275 0.02066427 -0.03039598 0.419 0.01694607 -0.02389138 0.3863869 0.04823791 0.02359259 0.4602293 0.08747649 0.02927601 0.4899317 0.1834068 0.05260527 0.4111188 0.1432482 0.05264008 0.4063745 0.1281075 0.01314193 0.4915961 -0.08552664 0.01485222 0.3831592 0.01215952 -0.05262506 0.3729835 0.02391165 -0.04205101 0.3951014 0.02391165 -0.04205101 0.3951014 -0.100416 0.01472193 0.4590843 -0.06085807 0.01063972 0.1367765 -0.1022947 0.0372073 0.3885706 0.01723366 -0.02472627 0.4189553 0.1227053 0.05184769 0.3690987 -0.06857144 0.02111536 0.1349547 0.1371333 0.04959243 0.391992 0.0148645 -0.0269165 0.4191133 -0.07870358 0.04552596 0.3493542 0.02141016 -0.02795052 0.4190856 -0.07641136 0.04267573 0.3673707 0.1229915 0.04062521 0.4752506 0.153697 0.03769922 0.4545543 0.04097479 -0.1416467 0.434818 -0.05003166 0.01164245 0.4314424 0.06159555 -0.0699324 0.4284109 0.128848 -0.03757393 0.4323977 -0.07359206 0.04452991 0.3676072 0.011554 0.02828311 0.4612811 0.08796763 0.01843237 0.2679145 0.1334382 0.04243534 0.3785182 0.145425 0.05528122 0.4046725 0.06793922 -0.05093419 0.4304609 0.1318526 0.05182254 0.3773968 -0.07132625 0.04518365 0.3506326 -0.006963908 0.06143933 0.4051651 -0.1100975 0.0413202 0.3756844 0.1006127 0.03953462 0.3389752 -0.00146538 -0.02359426 0.4000236 -0.00146538 -0.02359426 0.4000236 -0.04791724 0.04484879 0.385645 0.1430225 0.05474698 0.406054 0.1268278 0.04895436 0.3675856 0.02099192 -0.03847914 0.3846615 0.01219809 -0.04204797 0.2970686 0.06091195 -9.4537e-4 0.1645848 0.2165322 0.003394246 0.3774857 -0.07362294 0.04603141 0.3503958 -0.02126765 0.08466875 0.3894048 0.1859427 0.003749191 0.421842 -0.06462293 0.04480016 0.3531883 -0.06462293 0.04480016 0.3531883 -0.06904292 0.02659404 0.415656 -0.0577473 0.01905047 0.3862468 -0.001778602 -0.03390067 0.116427 0.04760652 -9.1007e-4 0.1649479 0.229353 0.0665965 0.4714043 -0.08191663 0.03563648 0.3514572 -0.08191663 0.03563648 0.3514572 0.1327211 0.04301345 0.3792966 -0.07479214 0.04643678 0.3664916 0.124139 0.04879969 0.348238 -0.07754254 0.03833895 0.3440455 -0.07714658 0.107468 0.3863727 0.1484965 0.09073019 0.4216167 0.1567652 -0.01218736 0.4496989 0.127816 0.03750103 0.3693919 -0.1050686 -0.1151989 0.4295127 0.03816121 -0.01985734 -0.006564199 -0.08086115 0.0450806 0.3426031 -0.07123553 0.03951925 0.3513672 -0.06608724 0.04301166 0.345339 0.003473579 -0.06551599 0.4582962 0.006284952 -0.02655357 0.3876522 -0.07958698 0.0439673 0.3327745 0.1793223 0.03737413 0.4338711 0.1445879 0.05580711 0.4036355 -0.07950448 0.04879397 0.3205699 0.2082334 0.1261417 0.388092 -0.05274868 0.03166002 0.3333091 0.03184819 -0.07168364 0.4495381 -0.1393666 0.1099746 0.3480767 0.0216943 -0.02999091 0.4179345 -0.06385141 0.009010016 0.4760727 -0.03565901 0.04588794 0.008682787 0.01431703 -0.01199144 0.3987407 0.01431703 -0.01199144 0.3987407 0.009680211 -0.0339998 0.3960812 -0.07583093 0.04602205 0.3670428 0.02184551 -0.02883195 0.2999015 0.05431318 0.006697535 0.1654392 0.05590254 0.08405345 0.467038 0.1300725 0.05087387 0.3790559 -0.06854116 0.01312083 0.136241 0.1966486 0.07779842 0.4582869 0.165214 0.126551 0.4162679 -0.006368517 -0.01113545 0.3749683 -0.06847107 0.02795612 0.2584807 0.2279422 0.08084303 0.4640886 0.1460471 0.05293917 0.4048323 0.2035505 0.01107877 0.4221755 -0.07324731 0.04523301 0.3669031 -0.1145475 0.1034212 0.3724246 -0.05604559 0.07131993 0.3798931 0.001436412 -0.0242564 0.3884544 0.2162755 0.03249955 0.4089064 0.02144747 -0.03391516 0.3941022 -0.07601803 0.04193228 0.3668585 0.114189 0.02995854 0.3612343 -0.02032756 -0.03504979 0.02208197 0.001436352 -0.02425646 0.3884544 0.1428105 0.05556154 0.4046266 0.1002197 0.008215606 0.4900977 0.1273484 0.04052531 0.3690701 -0.05852353 0.02033799 0.1352581 0.01549452 -0.02864331 0.4198481 -0.07813954 0.03483694 0.3341764 -0.07028293 0.03467148 0.3456959 0.1231494 0.04370057 0.3706273 -0.02901661 -0.007827401 0.02537775 -0.07486277 0.04249018 0.3676535 0.1312503 0.02531588 0.3381364 0.04485756 -0.03194057 0.3595786 -0.0968461 0.02344202 0.3907718 -0.1072071 -0.02922701 0.3590938 0.02280062 -0.04224628 0.2990684 0.1725666 0.07812875 0.4136177 0.1741652 0.09615814 0.4333102 -0.07006764 0.03397721 0.3536514 -0.07006764 0.03397721 0.3536514 -0.06275546 0.1056598 0.3915092 0.2151678 0.1105504 0.419497 0.127816 0.03750109 0.3693918 0.006005764 -0.03857249 0.3867213 0.1206455 0.04292315 0.3720509 0.1206455 0.04292315 0.3720509 0.005600631 8.17e-4 0.02126908 -0.04344636 0.03864544 0.4021914 0.01007825 -0.01777034 0.1176158 0.007256388 0.0797671 0.3764572 0.09495574 0.01330173 0.2713447</float_array>
          <technique_common>
            <accessor source="#palm_impassable-mesh-positions-array" count="328" stride="3">
              <param name="X" type="float"/>
              <param name="Y" type="float"/>
              <param name="Z" type="float"/>
            </accessor>
          </technique_common>
        </source>
        <source id="palm_impassable-mesh-normals">
          <float_array id="palm_impassable-mesh-normals-array" count="990">-0.6696579 0.7426544 0.004785597 0.8585133 0.5072867 0.07493513 -0.6873233 0.7210366 0.08770972 0.8143252 0.5795305 0.03192263 -0.8011925 -0.5855873 0.1232004 -0.7401642 -0.6430876 0.1964572 0.4973311 -0.8505792 0.1708126 0.5000315 -0.8428478 0.1989375 -0.7727313 0.6075239 -0.183851 0.7498966 0.6603071 -0.04061675 -0.6849949 -0.726727 0.05147719 0.6043651 -0.7612621 0.2349958 -0.7369705 0.6098949 -0.2913809 0.6719773 0.7390014 -0.04820305 -0.7336161 -0.6779651 0.04659354 0.6086125 -0.7245736 0.3233945 0.9920252 0.1259328 -0.005187749 0.1574321 0.9325845 -0.3248093 0.9843454 0.1754502 -0.01677685 0.1781683 0.9303453 -0.32049 -0.8159514 0.4146978 -0.4028018 -0.831916 0.3847075 -0.3998951 -0.693849 -0.7017043 -0.1618169 -0.6631304 -0.7333819 -0.1496969 0.4597516 -0.8827072 0.09724521 0.4668338 -0.8789117 0.09787958 -0.1016695 0.08294785 0.9913541 -0.1016679 0.08294999 0.9913541 -0.1016651 0.08295416 0.9913541 -0.1016628 0.0829513 0.9913545 -0.101666 0.08294641 0.9913546 -0.1016665 0.082946 0.9913546 -0.1016711 0.08295035 0.9913538 -0.1016736 0.08294671 0.9913538 -0.1016671 0.08295637 0.9913538 0.08172488 0.1840783 0.9795082 0.08344525 0.1815047 0.9798433 0.4059484 0.1731412 0.8973451 -0.393437 0.1746986 0.9026007 -0.6441125 0.16866 0.7461052 -0.3862358 0.1718478 0.9062507 -0.6469355 0.1787402 0.7413005 -0.189592 0.3467149 0.9186097 -0.184916 0.3693348 0.9107129 -0.1283964 0.5955757 0.7929717 -0.261302 -0.2024978 0.9437776 -0.2643225 -0.5544207 0.789146 -0.2596199 -0.176196 0.9495012 -0.2643277 -0.5544181 0.789146 -0.1599197 -0.04252058 0.9862139 -0.1770954 -0.04157269 0.9833154 -0.4179726 -0.02655869 0.9080713 0.2997847 -0.06217324 0.9519789 0.5574016 -0.06785565 0.8274655 0.2723582 -0.06131643 0.9602403 0.5574025 -0.06785959 0.8274645 -0.1952717 -0.3889799 0.9003131 -0.1915612 -0.3702347 0.9089723 -0.3233729 -0.6596049 0.678492 0.08477306 0.1822037 0.9795996 0.2359602 0.518706 0.8217462 0.07324188 0.167908 0.9830781 0.2359725 0.5187032 0.8217445 -0.03626716 0.2051956 0.9780489 -0.05960196 0.2329661 0.9706567 0.1693278 -0.0490874 0.9843367 -0.3934428 0.6023074 0.6945709 -0.5462797 0.7419911 0.3886228 -0.3968521 0.6057277 0.6896392 -0.5462762 0.7419939 0.3886228 -0.05167382 -0.04784321 0.9975174 -0.1203256 0.4265331 0.8964325 -0.1175913 0.433979 0.8932158 -0.04688996 -0.07639962 0.9959742 0.01145577 -0.4153756 0.909578 -0.10302 0.6752264 0.7303808 -0.07874864 0.6697263 0.7384209 -0.2095504 -0.005389392 0.9777831 0.2110373 0.2022734 0.9563204 0.2212638 0.2032711 0.9537942 -0.2440894 -0.02366757 0.969464 -0.5458711 -0.1896814 0.8161162 0.451712 0.2628549 0.852563 0.4534698 0.24013 0.8583139 -0.2154333 0.1773907 0.9602713 0.08673769 -0.1896259 0.9780177 0.09146541 -0.2002804 0.9754598 -0.2341726 0.2005292 0.9512893 -0.450528 0.4795629 0.7530232 0.2136468 -0.4017142 0.8904948 0.19295 -0.4092732 0.8917768 0.02150553 0.1507039 0.988345 -0.4283785 0.00335437 0.9035933 -0.4502875 -8.45995e-4 0.8928833 0.05121874 0.1594531 0.985876 0.3853051 0.2454748 0.8895405 -0.6800725 -0.04755866 0.7316007 -0.6806492 -0.02335321 0.7322372 0.461094 -0.2053232 0.8632697 0.4610923 -0.2053274 0.8632696 0.4610947 -0.2053214 0.8632698 -0.1674132 -0.541687 0.8237403 -0.1674203 -0.541683 0.8237416 -0.1674218 -0.5416821 0.8237419 0.4366326 0.5709694 0.6952309 0.4366323 0.5709695 0.695231 0.4366373 0.5709668 0.6952301 -0.4746623 0.8727894 0.1137304 -0.4746624 0.8727893 0.1137304 -0.4746625 0.8727893 0.1137304 -0.6718658 -0.02843844 0.7401268 -0.6718658 -0.02844268 0.7401266 -0.6718657 -0.02844244 0.7401267 -0.952248 -0.1008851 0.2881769 -0.02820253 0.993376 -0.1113944 -0.9459707 -0.2315638 0.2269755 -0.07466757 0.9911852 -0.1094379 -0.009337842 -0.9759075 0.2179847 0.03977537 -0.9764212 0.2121784 0.9720348 -0.1325452 -0.1938563 0.9773037 -0.2080006 -0.04016572 -0.8917892 -0.1824771 0.4140221 -0.1127871 0.9699043 -0.2157891 0.09864586 -0.9567258 0.2737605 0.9258061 -0.143978 -0.3495046 -0.894024 -0.04087471 0.4461505 -0.1543772 0.9353826 -0.3181624 0.1329121 -0.9266064 0.3517601 0.9167276 -0.02537131 -0.3987065 0.4153968 0.7420266 -0.5261579 -0.6351296 0.7723236 -0.01125043 0.3842138 0.7647582 -0.5172278 -0.6460702 0.7632714 -0.003180921 -0.8644776 -0.2900475 0.4105495 -0.8456291 -0.336246 0.4145483 0.05609667 -0.9866721 0.1527461 0.07048851 -0.9868331 0.145574 0.8410059 -0.3299067 -0.4288015 0.8477407 -0.2911911 -0.4433325 0.3879321 0.1134047 0.9146847 0.6334711 0.6566489 0.4093001 -0.1065531 0.6477994 0.7543224 -0.2823127 -0.11234 0.9527221 0.3272942 -0.5832497 0.7434368 0.9112942 -0.1121608 0.3961855 0.4288793 0.4634274 0.7754338 0.4267495 0.4519939 0.7833176 0.609016 0.7317029 0.3061218 -0.009501814 -0.07779419 0.9969242 -0.2466645 -0.3119386 0.9175243 0.02084392 -0.04845374 0.998608 -0.2548516 -0.3065879 0.9170902 -0.02582472 0.3124879 0.9495707 -0.01834183 0.3038973 0.9525282 -0.2693663 0.5690985 0.7768969 0.4569724 -0.3355376 0.8237662 0.6162188 -0.6478071 0.4479068 0.4113453 -0.2634223 0.8725846 0.6162211 -0.647805 0.4479066 0.4772757 -0.09602677 0.8734912 0.4704486 -0.1019883 0.8765138 0.1552125 -0.3368139 0.9286903 0.8395655 0.371755 0.3961417 0.8383793 0.5442204 0.03073161 0.8166434 0.3150503 0.4835668 0.8383793 0.5442205 0.03073161 0.6568597 -0.4477397 0.6066831 0.655291 -0.404428 0.6379904 0.5687536 -0.737707 0.3637414 0.472344 0.4432958 0.7618268 0.07646089 0.864602 0.4966058 0.4946075 0.3889291 0.7772371 0.0764665 0.8646017 0.4966051 0.327387 0.3637254 0.8720789 0.2594447 0.3664668 0.893527 0.7836941 0.2786012 0.555162 -0.4326654 0.2939285 0.852295 -0.6793242 0.2154902 0.7014861 -0.4068663 0.3001154 0.8627809 -0.679327 0.2154831 0.7014856 0.5673796 0.05214279 0.8218039 -0.02129065 0.4508436 0.892349 -0.03539764 0.4613671 0.886503 0.5992121 0.02236467 0.8002778 0.8502452 -0.321284 0.4169648 -0.3272039 0.6332188 0.7014068 -0.3100941 0.6501227 0.693673 0.3905554 -0.06899744 0.9179901 0.5067625 0.6033636 0.615747 0.5101365 0.5976362 0.6185401 0.3747825 -0.1143842 0.9200296 0.1503932 -0.5720749 0.8062954 0.5076159 0.8233613 0.253776 0.5309216 0.8096449 0.2501948 0.4961959 0.06222563 0.865978 0.5544437 0.05558288 0.8303632 0.08654117 0.1112071 0.9900221 0.8298928 -0.04758524 0.55589 0.8292372 -0.06157761 0.5554943 0.4277215 0.3453544 0.8353352 0.1328151 -0.2851116 0.949248 0.1256642 -0.2912501 0.9483575 0.4388366 0.379154 0.8146562 0.512249 0.7866406 0.3446705 -0.09641319 -0.5226632 0.8470702 -0.1114593 -0.5074266 0.854456 0.9399839 0.3305786 0.08454686 0.9399827 0.3305818 0.08454734 0.9399827 0.3305817 0.08454728 0.7078076 -0.5710498 0.4158253 0.7078052 -0.5710527 0.4158254 0.7078021 -0.5710566 0.4158254 0.1010461 0.965696 0.2392092 0.1010414 0.9656963 0.23921 0.1010484 0.9656959 0.2392089 -0.7812719 0.3241003 0.5334541 -0.7812713 0.3241015 0.5334542 -0.7812718 0.3241005 0.5334542 -0.0992726 -0.5070148 0.8562015 -0.09927773 -0.5070119 0.8562026 -0.09926551 -0.5070177 0.8562006 -0.8544993 0.476545 0.2067264 0.6024791 0.7806752 0.1660281 -0.8272435 0.4649706 0.3153896 0.6072074 0.7892909 0.09121 -0.5700921 -0.8175646 0.08113688 -0.5613068 -0.8140172 0.1493684 0.7360023 -0.6767978 -0.01566588 0.7392548 -0.6730914 0.021223 -0.8737202 0.4863597 -0.008197903 0.6316636 0.7752242 0.005361318 -0.5717466 -0.8200678 0.02438431 0.7227277 -0.6887992 0.05674856 -0.8587632 0.4987935 -0.1171795 0.4748567 0.8795407 -0.03031933 -0.6624568 -0.7480623 0.03942024 0.7243179 -0.6687862 0.1675969 -0.00978583 0.9911739 -0.1322062 -0.9463721 0.3127658 -0.08097881 -0.03587311 0.9909071 -0.1296778 -0.9471895 0.3102731 -0.08101159 -0.6111857 -0.7710542 -0.1786832 -0.588873 -0.7875006 -0.1818557 0.5452409 -0.7855423 -0.2926357 0.5571662 -0.7768905 -0.2932698 0.9128319 0.3123547 -0.2630065 0.9069291 0.3304156 -0.2613527 0.1362354 -0.07610046 0.9877493 0.1362378 -0.07610118 0.987749 0.1362387 -0.07609778 0.987749 0.07209753 0.09764653 0.9926062 0.07487803 0.1023494 0.9919263 0.1024636 0.3952797 0.9128282 0.01180261 -0.3099828 0.9506689 -0.04141342 -0.5218203 0.8520497 0.01621288 -0.3002061 0.9537366 -0.05103677 -0.5229458 0.8508368 -0.1030274 -0.111896 0.9883647 -0.1199896 -0.1058375 0.9871175 -0.3235633 -0.02896958 0.9457629 0.3555029 -0.2576892 0.898451 0.6431657 -0.326784 0.6924956 0.3387121 -0.2530255 0.9062296 0.6431657 -0.326785 0.6924952 0.2326312 -0.1416918 0.9621883 0.2283382 -0.1591756 0.9604816 0.1732338 -0.3573495 0.9177644 0.3087399 0.2680945 0.9125816 0.3299369 0.5259624 0.783904 0.3063722 0.2496991 0.9185785 0.3299435 0.5259601 0.7839025 0.1789076 0.02887362 0.9834421 0.52787 -0.2174664 0.8210126 0.1790393 0.02876543 0.9834213 -0.2257018 0.2807459 0.9328668 -0.2263325 0.2801046 0.9329068 -0.09712076 -0.08689868 0.9914718 -0.128686 -0.1057528 0.9860306 0.2828619 0.1429818 0.9484437 -0.4425496 -0.2906442 0.8483372 -0.442546 -0.2906519 0.8483363 0.257772 -0.05234289 0.964787 -0.1624004 -0.04467678 0.9857131 -0.1759206 -0.0409736 0.9835513 0.2842491 -0.05236226 0.9573196 0.5782632 -0.05154675 0.8142203 -0.4034044 0.003184437 0.9150163 -0.3948497 0.02352583 0.9184445 0.1950067 -0.1847638 0.9632418 0.06565958 0.2154718 0.9743002 0.06424319 0.2292498 0.9712453 0.2025828 -0.210313 0.9564145 0.2778214 -0.4983887 0.8212332 0.01830333 0.4526855 0.8914825 0.04060125 0.4514834 0.8913553 0.1134982 -0.1192064 0.986361 0.1502247 -0.09697604 0.9838843 -0.2682384 -0.3139547 0.9107584 0.4412668 0.04500287 0.8962468 0.4470909 0.03868085 0.8936519 0.1042863 -0.03976327 0.9937522 0.111643 -0.08199554 0.9903599 0.03508388 0.3839414 0.9226907 0.1216333 -0.4064205 0.9055538 0.1132962 -0.4097289 0.9051444 0.4521426 0.4104861 0.7918764 0.4521448 0.4104846 0.791876 0.4521355 0.4104914 0.7918778 0.6531568 -0.2362659 0.7194197 0.6531564 -0.236267 0.7194196 0.6531592 -0.2362585 0.71942 -0.2889184 0.4842904 0.8258263 -0.288912 0.4842951 0.8258258 -0.2889159 0.4842922 0.825826 -0.8182829 -0.3190655 0.4781322 -0.8182864 -0.3190546 0.4781336 -0.8182834 -0.319064 0.4781323 0.1144408 -0.5802435 0.8063628 0.114433 -0.5802435 0.8063638 0.1144475 -0.5802434 0.8063618 -0.1866747 -0.2700252 0.944584 0.009068548 0.2510361 0.9679353 -0.3493579 0.1050538 0.9310816 0.5633124 0.07678759 0.8226682 0.3435024 -0.4948189 0.7982233 -0.3429408 -0.4788658 0.8081333 0.2475923 -0.7529719 0.6096978 0.8134635 -0.1695277 0.5563609 -0.03268849 0.4967876 0.8672565 0.4226533 0.4046673 0.8109307</float_array>
          <technique_common>
            <accessor source="#palm_impassable-mesh-normals-array" count="330" stride="3">
              <param name="X" type="float"/>
              <param name="Y" type="float"/>
              <param name="Z" type="float"/>
            </accessor>
          </technique_common>
        </source>
        <source id="palm_impassable-mesh-map-0">
          <float_array id="palm_impassable-mesh-map-0-array" count="1590">0.6578342 0.0795896 0.9996598 0 0.9996591 0.07959002 0.9996598 0 0.6578342 0.0795896 0.657835 0 0.6578333 0.1500121 0.9996591 0.07959002 0.9996582 0.1500125 0.9996591 0.07959002 0.6578333 0.1500121 0.6578342 0.0795896 0.6578325 0.2148576 0.9996582 0.1500125 0.9996573 0.2148581 0.9996582 0.1500125 0.6578325 0.2148576 0.6578333 0.1500121 0.6578311 0.1135654 0.9996573 0.2148581 0.999656 0.113565 0.9996573 0.2148581 0.6578311 0.1135654 0.6578325 0.2148576 0.2129924 0.07958918 0.6063266 0 0.6063258 0.0795896 0.6063266 0 0.2129924 0.07958918 0.2129932 0 0.2129915 0.1500117 0.6063258 0.0795896 0.6063249 0.1500121 0.6063258 0.0795896 0.2129915 0.1500117 0.2129924 0.07958918 0.2129907 0.2148572 0.6063249 0.1500121 0.606324 0.2148576 0.6063249 0.1500121 0.2129907 0.2148572 0.2129915 0.1500117 0.2129894 0.1135659 0.606324 0.2148576 0.6063227 0.1135654 0.606324 0.2148576 0.2129894 0.1135659 0.2129907 0.2148572 0.01632571 0.079589 0.2129932 0 0.2129924 0.07958918 0.2129932 0 0.01632571 0.079589 0.01632654 0 0.01632571 0.079589 0.2129915 0.1500117 0.01632481 0.1500115 0.2129915 0.1500117 0.01632571 0.079589 0.2129924 0.07958918 0.01632481 0.1500115 0.2129907 0.2148572 0.01632398 0.214857 0.2129907 0.2148572 0.01632481 0.1500115 0.2129915 0.1500117 0.01632398 0.214857 0.2129894 0.1135659 0.01632273 0.1135661 0.2129894 0.1135659 0.01632398 0.214857 0.2129907 0.2148572 0.8937985 0.9969817 0.9948086 0.698648 0.8937985 0.6986485 0.9948086 0.698648 0.8937985 0.9969817 0.9948085 0.9969814 0.8934265 0.9969869 0.9949575 0.6986532 0.8934273 0.6986536 0.9949575 0.6986532 0.8934265 0.9969869 0.9949568 0.9969865 0.9949568 0.9969865 0.8939476 0.698651 0.9949575 0.6986532 0.8939476 0.698651 0.9949568 0.9969865 0.8939467 0.9969843 0.8939476 0.698651 0.7929366 0.9969822 0.7929375 0.6986489 0.7929366 0.9969822 0.8939476 0.698651 0.8939467 0.9969843 0.7929375 0.6986489 0.8937985 0.9969817 0.8937985 0.6986485 0.8937985 0.9969817 0.7929375 0.6986489 0.7929366 0.9969822 0.9207917 0.7273933 0.8020578 0.8828181 0.8020578 0.7640841 0.9207917 0.7273933 0.9207918 0.9195088 0.8020578 0.8828181 0.9207917 0.7273933 0.9941734 0.823451 0.9207918 0.9195088 0.3707275 0.4523632 0.01906055 0.4491444 0.2100967 0.218934 0.3724841 0.744338 0.1219694 0.9827667 0.01831036 0.7438822 0.1219694 0.9827667 0.3724841 0.744338 0.2614334 0.9852195 0.3707275 0.4523632 0.01831036 0.7438822 0.01906055 0.4491444 0.01831036 0.7438822 0.3707275 0.4523632 0.3724841 0.744338 0.7616032 0.4523632 0.4099362 0.4491444 0.6009724 0.218934 0.7633598 0.744338 0.5128451 0.9827667 0.409186 0.7438822 0.5128451 0.9827667 0.7633598 0.744338 0.6523091 0.9852195 0.7616032 0.4523632 0.409186 0.7438822 0.4099362 0.4491444 0.409186 0.7438822 0.7616032 0.4523632 0.7633598 0.744338 0.7616032 0.4523632 0.4099362 0.4491444 0.6009724 0.218934 0.7633598 0.744338 0.5128451 0.9827667 0.409186 0.7438822 0.5128451 0.9827667 0.7633598 0.744338 0.6523091 0.9852195 0.7616032 0.4523632 0.409186 0.7438822 0.4099362 0.4491444 0.409186 0.7438822 0.7616032 0.4523632 0.7633598 0.744338 0.3707275 0.4523632 0.01906055 0.4491444 0.2100967 0.218934 0.3724841 0.744338 0.1219694 0.9827667 0.01831036 0.7438822 0.1219694 0.9827667 0.3724841 0.744338 0.2614334 0.9852195 0.3707275 0.4523632 0.01831036 0.7438822 0.01906055 0.4491444 0.01831036 0.7438822 0.3707275 0.4523632 0.3724841 0.744338 0.3707275 0.4523632 0.01906055 0.4491444 0.2100967 0.218934 0.3724841 0.744338 0.1219694 0.9827667 0.01831036 0.7438822 0.1219694 0.9827667 0.3724841 0.744338 0.2614334 0.9852195 0.3707275 0.4523632 0.01831036 0.7438822 0.01906055 0.4491444 0.01831036 0.7438822 0.3707275 0.4523632 0.3724841 0.744338 1.7773 0.4545122 1.396453 0.7290159 1.77735 0.7345874 1.396453 0.7290159 1.7773 0.4545122 1.397963 0.4545122 1.397963 0.4545122 1.7773 0.4545122 1.587632 0.2393903 1.77735 0.7345874 1.539976 0.9962092 1.635287 0.9962092 1.539976 0.9962092 1.77735 0.7345874 1.396453 0.7290159 1.386424 0.4545122 1.005577 0.7290159 1.386474 0.7345874 1.005577 0.7290159 1.386424 0.4545122 1.007088 0.4545122 1.007088 0.4545122 1.386424 0.4545122 1.196756 0.2393903 1.386474 0.7345874 1.1491 0.9962092 1.244411 0.9962092 1.1491 0.9962092 1.386474 0.7345874 1.005577 0.7290159 1.386424 0.4545122 1.005577 0.7290159 1.386474 0.7345874 1.005577 0.7290159 1.386424 0.4545122 1.007088 0.4545122 1.007088 0.4545122 1.386424 0.4545122 1.196756 0.2393903 1.386474 0.7345874 1.1491 0.9962092 1.244411 0.9962092 1.1491 0.9962092 1.386474 0.7345874 1.005577 0.7290159 1.7773 0.4545122 1.396453 0.7290159 1.77735 0.7345874 1.396453 0.7290159 1.7773 0.4545122 1.397963 0.4545122 1.397963 0.4545122 1.7773 0.4545122 1.587632 0.2393903 1.77735 0.7345874 1.539976 0.9962092 1.635287 0.9962092 1.539976 0.9962092 1.77735 0.7345874 1.396453 0.7290159 1.007088 0.4545122 1.386424 0.4545122 1.196756 0.2393903 1.007088 0.4545122 1.386424 0.4545122 1.196756 0.2393903 1.007088 0.4545122 1.386424 0.4545122 1.196756 0.2393903 1.007088 0.4545122 1.386424 0.4545122 1.196756 0.2393903 1.007088 0.4545122 1.386424 0.4545122 1.196756 0.2393903 0.6578342 0.0795896 0.9996598 0 0.9996591 0.07959002 0.9996598 0 0.6578342 0.0795896 0.657835 0 0.6578333 0.1500121 0.9996591 0.07959002 0.9996582 0.1500125 0.9996591 0.07959002 0.6578333 0.1500121 0.6578342 0.0795896 0.6578325 0.2148576 0.9996582 0.1500125 0.9996573 0.2148581 0.9996582 0.1500125 0.6578325 0.2148576 0.6578333 0.1500121 0.6578311 0.1135654 0.9996573 0.2148581 0.999656 0.113565 0.9996573 0.2148581 0.6578311 0.1135654 0.6578325 0.2148576 0.2129924 0.07958918 0.6063266 0 0.6063258 0.0795896 0.6063266 0 0.2129924 0.07958918 0.2129932 0 0.2129915 0.1500117 0.6063258 0.0795896 0.6063249 0.1500121 0.6063258 0.0795896 0.2129915 0.1500117 0.2129924 0.07958918 0.2129907 0.2148572 0.6063249 0.1500121 0.606324 0.2148576 0.6063249 0.1500121 0.2129907 0.2148572 0.2129915 0.1500117 0.2129894 0.1135659 0.606324 0.2148576 0.6063227 0.1135654 0.606324 0.2148576 0.2129894 0.1135659 0.2129907 0.2148572 0.01632571 0.079589 0.2129932 0 0.2129924 0.07958918 0.2129932 0 0.01632571 0.079589 0.01632654 0 0.01632571 0.079589 0.2129915 0.1500117 0.01632481 0.1500115 0.2129915 0.1500117 0.01632571 0.079589 0.2129924 0.07958918 0.01632481 0.1500115 0.2129907 0.2148572 0.01632398 0.214857 0.2129907 0.2148572 0.01632481 0.1500115 0.2129915 0.1500117 0.01632398 0.214857 0.2129894 0.1135659 0.01632273 0.1135661 0.2129894 0.1135659 0.01632398 0.214857 0.2129907 0.2148572 0.8937985 0.9969817 0.9948086 0.698648 0.8937985 0.6986485 0.9948086 0.698648 0.8937985 0.9969817 0.9948085 0.9969814 0.8934265 0.9969869 0.9949575 0.6986532 0.8934273 0.6986536 0.9949575 0.6986532 0.8934265 0.9969869 0.9949568 0.9969865 0.9949568 0.9969865 0.8939476 0.698651 0.9949575 0.6986532 0.8939476 0.698651 0.9949568 0.9969865 0.8939467 0.9969843 0.8939476 0.698651 0.7929366 0.9969822 0.7929375 0.6986489 0.7929366 0.9969822 0.8939476 0.698651 0.8939467 0.9969843 0.7929375 0.6986489 0.8937985 0.9969817 0.8937985 0.6986485 0.8937985 0.9969817 0.7929375 0.6986489 0.7929366 0.9969822 0.8798336 0.819495 0.9941734 0.823451 0.9207918 0.9195088 0.8798336 0.819495 0.9207918 0.9195088 0.8020578 0.8828181 0.8798336 0.819495 0.8020578 0.8828181 0.8020578 0.7640841 0.8798336 0.819495 0.8020578 0.7640841 0.9207917 0.7273933 0.8798336 0.819495 0.9207917 0.7273933 0.9941734 0.823451 0.3707275 0.4523632 0.01906055 0.4491444 0.2100967 0.218934 0.3724841 0.744338 0.1219694 0.9827667 0.01831036 0.7438822 0.1219694 0.9827667 0.3724841 0.744338 0.2614334 0.9852195 0.3707275 0.4523632 0.01831036 0.7438822 0.01906055 0.4491444 0.01831036 0.7438822 0.3707275 0.4523632 0.3724841 0.744338 0.7616032 0.4523632 0.4099362 0.4491444 0.6009724 0.218934 0.7633598 0.744338 0.5128451 0.9827667 0.409186 0.7438822 0.5128451 0.9827667 0.7633598 0.744338 0.6523091 0.9852195 0.7616032 0.4523632 0.409186 0.7438822 0.4099362 0.4491444 0.409186 0.7438822 0.7616032 0.4523632 0.7633598 0.744338 0.7616032 0.4523632 0.4099362 0.4491444 0.6009724 0.218934 0.7633598 0.744338 0.5128451 0.9827667 0.409186 0.7438822 0.5128451 0.9827667 0.7633598 0.744338 0.6523091 0.9852195 0.7616032 0.4523632 0.409186 0.7438822 0.4099362 0.4491444 0.409186 0.7438822 0.7616032 0.4523632 0.7633598 0.744338 0.3707275 0.4523632 0.01906055 0.4491444 0.2100967 0.218934 0.3724841 0.744338 0.1219694 0.9827667 0.01831036 0.7438822 0.1219694 0.9827667 0.3724841 0.744338 0.2614334 0.9852195 0.3707275 0.4523632 0.01831036 0.7438822 0.01906055 0.4491444 0.01831036 0.7438822 0.3707275 0.4523632 0.3724841 0.744338 0.3707275 0.4523632 0.01906055 0.4491444 0.2100967 0.218934 0.3724841 0.744338 0.1219694 0.9827667 0.01831036 0.7438822 0.1219694 0.9827667 0.3724841 0.744338 0.2614334 0.9852195 0.3707275 0.4523632 0.01831036 0.7438822 0.01906055 0.4491444 0.01831036 0.7438822 0.3707275 0.4523632 0.3724841 0.744338 1.7773 0.4545122 1.396453 0.7290159 1.77735 0.7345874 1.396453 0.7290159 1.7773 0.4545122 1.397963 0.4545122 1.397963 0.4545122 1.7773 0.4545122 1.587632 0.2393903 1.77735 0.7345874 1.539976 0.9962092 1.635287 0.9962092 1.539976 0.9962092 1.77735 0.7345874 1.396453 0.7290159 1.386424 0.4545122 1.005577 0.7290159 1.386474 0.7345874 1.005577 0.7290159 1.386424 0.4545122 1.007088 0.4545122 1.007088 0.4545122 1.386424 0.4545122 1.196756 0.2393903 1.386474 0.7345874 1.1491 0.9962092 1.244411 0.9962092 1.1491 0.9962092 1.386474 0.7345874 1.005577 0.7290159 1.007088 0.4545122 1.386424 0.4545122 1.196756 0.2393903 1.007088 0.4545122 1.244411 0.9962092 1.386424 0.4545122 1.244411 0.9962092 1.007088 0.4545122 1.1491 0.9962092 1.7773 0.4545122 1.396453 0.7290159 1.77735 0.7345874 1.396453 0.7290159 1.7773 0.4545122 1.397963 0.4545122 1.397963 0.4545122 1.7773 0.4545122 1.587632 0.2393903 1.77735 0.7345874 1.539976 0.9962092 1.635287 0.9962092 1.539976 0.9962092 1.77735 0.7345874 1.396453 0.7290159 1.007088 0.4545122 1.386424 0.4545122 1.196756 0.2393903 1.007088 0.4545122 1.386424 0.4545122 1.196756 0.2393903 1.007088 0.4545122 1.386424 0.4545122 1.196756 0.2393903 1.007088 0.4545122 1.386424 0.4545122 1.196756 0.2393903 1.007088 0.4545122 1.386424 0.4545122 1.196756 0.2393903 0.6578307 0.07835423 0.999657 0.1818171 0.9996555 0.07835376 0.999657 0.1818171 0.6578307 0.07835423 0.657832 0.1818171 0.6578342 0.0795896 0.9996598 0 0.9996591 0.07959002 0.9996598 0 0.6578342 0.0795896 0.657835 0 0.6578333 0.1500121 0.9996591 0.07959002 0.9996582 0.1500125 0.9996591 0.07959002 0.6578333 0.1500121 0.6578342 0.0795896 0.657832 0.1818171 0.9996582 0.1500125 0.999657 0.1818171 0.9996582 0.1500125 0.657832 0.1818171 0.6578333 0.1500121 0.2129889 0.07835459 0.6063236 0.1818171 0.6063223 0.07835423 0.6063236 0.1818171 0.2129889 0.07835459 0.2129902 0.1818171 0.2129924 0.07958918 0.6063266 0 0.6063258 0.0795896 0.6063266 0 0.2129924 0.07958918 0.2129932 0 0.2129915 0.1500117 0.6063258 0.0795896 0.6063249 0.1500121 0.6063258 0.0795896 0.2129915 0.1500117 0.2129924 0.07958918 0.2129902 0.1818171 0.6063249 0.1500121 0.6063236 0.1818171 0.6063249 0.1500121 0.2129902 0.1818171 0.2129915 0.1500117 0.01632225 0.07835483 0.2129902 0.1818171 0.2129889 0.07835459 0.2129902 0.1818171 0.01632225 0.07835483 0.01632356 0.1818171 0.01632571 0.079589 0.2129932 0 0.2129924 0.07958918 0.2129932 0 0.01632571 0.079589 0.01632654 0 0.01632571 0.079589 0.2129915 0.1500117 0.01632481 0.1500115 0.2129915 0.1500117 0.01632571 0.079589 0.2129924 0.07958918 0.01632481 0.1500115 0.2129902 0.1818171 0.01632356 0.1818171 0.2129902 0.1818171 0.01632481 0.1500115 0.2129915 0.1500117 0.8937985 0.9969817 0.9948086 0.698648 0.8937985 0.6986485 0.9948086 0.698648 0.8937985 0.9969817 0.9948085 0.9969814 0.8934265 0.9969869 0.9949575 0.6986532 0.8934273 0.6986536 0.9949575 0.6986532 0.8934265 0.9969869 0.9949568 0.9969865 0.9949568 0.9969865 0.8939476 0.698651 0.9949575 0.6986532 0.8939476 0.698651 0.9949568 0.9969865 0.8939467 0.9969843 0.8939476 0.698651 0.7929366 0.9969822 0.7929375 0.6986489 0.7929366 0.9969822 0.8939476 0.698651 0.8939467 0.9969843 0.7929375 0.6986489 0.8937985 0.9969817 0.8937985 0.6986485 0.8937985 0.9969817 0.7929375 0.6986489 0.7929366 0.9969822 0.9207917 0.7273933 0.8020578 0.8828181 0.8020578 0.7640841 0.9207917 0.7273933 0.9207918 0.9195088 0.8020578 0.8828181 0.9207917 0.7273933 0.9941734 0.823451 0.9207918 0.9195088 0.3707275 0.4523632 0.01906055 0.4491444 0.2100967 0.218934 0.3724841 0.744338 0.1219694 0.9827667 0.01831036 0.7438822 0.1219694 0.9827667 0.3724841 0.744338 0.2614334 0.9852195 0.3707275 0.4523632 0.01831036 0.7438822 0.01906055 0.4491444 0.01831036 0.7438822 0.3707275 0.4523632 0.3724841 0.744338 0.7616032 0.4523632 0.4099362 0.4491444 0.6009724 0.218934 0.7633598 0.744338 0.5128451 0.9827667 0.409186 0.7438822 0.5128451 0.9827667 0.7633598 0.744338 0.6523091 0.9852195 0.7616032 0.4523632 0.409186 0.7438822 0.4099362 0.4491444 0.409186 0.7438822 0.7616032 0.4523632 0.7633598 0.744338 0.7616032 0.4523632 0.4099362 0.4491444 0.6009724 0.218934 0.7633598 0.744338 0.5128451 0.9827667 0.409186 0.7438822 0.5128451 0.9827667 0.7633598 0.744338 0.6523091 0.9852195 0.7616032 0.4523632 0.409186 0.7438822 0.4099362 0.4491444 0.409186 0.7438822 0.7616032 0.4523632 0.7633598 0.744338 0.01831036 0.7438822 0.2100967 0.218934 0.3724841 0.744338 0.3724841 0.744338 0.1219694 0.9827667 0.01831036 0.7438822 0.1219694 0.9827667 0.3724841 0.744338 0.2614334 0.9852195 0.3707275 0.4523632 0.01906055 0.4491444 0.2100967 0.218934 0.1219694 0.9827667 0.3707275 0.4523632 0.2614334 0.9852195 0.3707275 0.4523632 0.1219694 0.9827667 0.01906055 0.4491444 1.7773 0.4545122 1.396453 0.7290159 1.77735 0.7345874 1.396453 0.7290159 1.7773 0.4545122 1.397963 0.4545122 1.397963 0.4545122 1.7773 0.4545122 1.587632 0.2393903 1.77735 0.7345874 1.539976 0.9962092 1.635287 0.9962092 1.539976 0.9962092 1.77735 0.7345874 1.396453 0.7290159 1.386424 0.4545122 1.005577 0.7290159 1.386474 0.7345874 1.005577 0.7290159 1.386424 0.4545122 1.007088 0.4545122 1.007088 0.4545122 1.386424 0.4545122 1.196756 0.2393903 1.386474 0.7345874 1.1491 0.9962092 1.244411 0.9962092 1.1491 0.9962092 1.386474 0.7345874 1.005577 0.7290159 1.007088 0.4545122 1.386424 0.4545122 1.196756 0.2393903 1.007088 0.4545122 1.244411 0.9962092 1.386424 0.4545122 1.244411 0.9962092 1.007088 0.4545122 1.1491 0.9962092 1.397963 0.4545122 1.7773 0.4545122 1.587632 0.2393903 1.397963 0.4545122 1.635287 0.9962092 1.7773 0.4545122 1.635287 0.9962092 1.397963 0.4545122 1.539976 0.9962092 1.007088 0.4545122 1.386424 0.4545122 1.196756 0.2393903 1.007088 0.4545122 1.386424 0.4545122 1.196756 0.2393903 1.007088 0.4545122 1.386424 0.4545122 1.196756 0.2393903 1.007088 0.4545122 1.386424 0.4545122 1.196756 0.2393903 1.007088 0.4545122 1.386424 0.4545122 1.196756 0.2393903 0.8468878 0.8422483 0.9254877 0.8441697 0.8980916 0.9130541 0.914029 0.7591551 0.8468878 0.8422483 0.8385195 0.7649167 0.8468878 0.8422483 0.914029 0.7591551 0.9254877 0.8441697 0.8077071 0.8605709 0.8468878 0.8422483 0.8980916 0.9130541 0.8077071 0.8605709 0.8385195 0.7649167 0.8468878 0.8422483 0.8051632 0.7589235 0.8385195 0.7649167 0.8077071 0.8605709 0.8962667 0.7222035 0.8385195 0.7649167 0.8051632 0.7589235 0.9254877 0.8441697 0.9640794 0.8649066 0.8980916 0.9130541 0.9254877 0.8441697 0.975759 0.7556506 0.9640794 0.8649066 0.914029 0.7591551 0.975759 0.7556506 0.9254877 0.8441697 0.914029 0.7591551 0.8962667 0.7222035 0.975759 0.7556506 0.914029 0.7591551 0.8385195 0.7649167 0.8962667 0.7222035</float_array>
          <technique_common>
            <accessor source="#palm_impassable-mesh-map-0-array" count="795" stride="2">
              <param name="S" type="float"/>
              <param name="T" type="float"/>
            </accessor>
          </technique_common>
        </source>
        <vertices id="palm_impassable-mesh-vertices">
          <input semantic="POSITION" source="#palm_impassable-mesh-positions"/>
        </vertices>
        <triangles material="palm_01_tga_nocull-material" count="265">
          <input semantic="VERTEX" source="#palm_impassable-mesh-vertices" offset="0"/>
          <input semantic="NORMAL" source="#palm_impassable-mesh-normals" offset="1"/>
          <input semantic="TEXCOORD" source="#palm_impassable-mesh-map-0" offset="2" set="0"/>
          <p>202 0 0 22 1 1 19 2 2 22 1 3 202 0 4 301 3 5 280 4 6 19 2 7 179 5 8 19 2 9 280 4 10 202 0 11 198 6 12 179 5 13 48 7 14 179 5 15 198 6 16 280 4 17 301 3 18 48 7 19 22 1 20 48 7 21 301 3 22 198 6 23 284 8 24 301 3 25 202 0 26 301 3 27 284 8 28 107 9 29 121 10 30 202 0 31 280 4 32 202 0 33 121 10 34 284 8 35 178 11 36 280 4 37 198 6 38 280 4 39 178 11 40 121 10 41 107 9 42 198 6 43 301 3 44 198 6 45 107 9 46 178 11 47 66 12 48 107 9 49 284 8 50 107 9 51 66 12 52 127 13 53 66 12 54 121 10 55 249 14 56 121 10 57 66 12 58 284 8 59 249 14 60 178 11 61 116 15 62 178 11 63 249 14 64 121 10 65 116 15 66 107 9 67 127 13 68 107 9 69 116 15 70 178 11 71 154 16 72 69 17 73 238 18 74 69 17 75 154 16 76 145 19 77 145 19 78 153 20 79 69 17 80 153 20 81 145 19 82 261 21 83 261 21 84 245 22 85 153 20 86 245 22 87 261 21 88 303 23 89 245 22 90 120 24 91 315 25 92 120 24 93 245 22 94 303 23 95 315 25 96 154 16 97 238 18 98 154 16 99 315 25 100 120 24 101 316 26 102 152 27 103 244 28 104 316 29 105 68 30 106 152 31 107 316 32 108 237 33 109 68 34 110 222 35 111 135 36 112 94 37 113 114 38 114 307 39 115 324 40 116 307 39 117 114 38 118 247 41 119 222 35 120 324 40 121 135 36 122 324 40 123 222 35 124 114 38 125 250 42 126 317 43 127 38 44 128 29 45 129 214 46 130 115 47 131 214 46 132 29 45 133 34 48 134 250 42 135 115 47 136 317 43 137 115 47 138 250 42 139 29 45 140 102 49 141 177 50 142 51 51 143 199 52 144 275 53 145 76 54 146 275 53 147 199 52 148 294 55 149 102 49 150 76 54 151 177 50 152 76 54 153 102 49 154 199 52 155 59 56 156 42 57 157 311 58 158 185 59 159 23 60 160 310 61 161 23 60 162 185 59 163 17 62 164 59 56 165 310 61 166 42 57 167 310 61 168 59 56 169 185 59 170 166 63 171 211 64 172 86 65 173 182 66 174 207 67 175 239 68 176 207 67 177 182 66 178 288 69 179 166 63 180 239 68 181 211 64 182 239 68 183 166 63 184 182 66 185 104 70 186 240 71 187 193 72 188 240 71 189 104 70 190 80 73 191 80 73 192 104 70 193 85 74 194 193 72 195 221 75 196 161 76 197 221 75 198 193 72 199 240 71 200 75 77 201 13 78 202 223 79 203 13 78 204 75 77 205 92 80 206 92 80 207 75 77 208 113 81 209 223 79 210 257 82 211 234 83 212 257 82 213 223 79 214 13 78 215 289 84 216 40 85 217 87 86 218 40 85 219 289 84 220 10 87 221 10 87 222 289 84 223 268 88 224 87 86 225 124 89 226 122 90 227 124 89 228 87 86 229 40 85 230 108 91 231 290 92 232 227 93 233 290 92 234 108 91 235 235 94 236 235 94 237 108 91 238 326 95 239 227 93 240 205 96 241 60 97 242 205 96 243 227 93 244 290 92 245 24 98 246 15 99 247 266 100 248 304 101 249 171 102 250 184 103 251 16 104 252 258 105 253 46 106 254 142 107 255 123 108 256 264 109 257 4 110 258 256 111 259 158 112 260 242 113 261 78 114 262 176 115 263 78 114 264 242 113 265 277 116 266 130 117 267 176 115 268 110 118 269 176 115 270 130 117 271 242 113 272 232 119 273 110 118 274 163 120 275 110 118 276 232 119 277 130 117 278 277 116 279 163 120 280 78 114 281 163 120 282 277 116 283 232 119 284 52 121 285 277 116 286 242 113 287 277 116 288 52 121 289 216 122 290 58 123 291 242 113 292 130 117 293 242 113 294 58 123 295 52 121 296 327 124 297 130 117 298 232 119 299 130 117 300 327 124 301 58 123 302 216 122 303 232 119 304 277 116 305 232 119 306 216 122 307 327 124 308 305 125 309 216 122 310 52 121 311 216 122 312 305 125 313 229 126 314 305 125 315 58 123 316 300 127 317 58 123 318 305 125 319 52 121 320 300 127 321 327 124 322 61 128 323 327 124 324 300 127 325 58 123 326 61 128 327 216 122 328 229 126 329 216 122 330 61 128 331 327 124 332 248 129 333 140 130 334 96 131 335 140 130 336 248 129 337 105 132 338 105 132 339 173 133 340 140 130 341 173 133 342 105 132 343 98 134 344 98 134 345 1 135 346 173 133 347 1 135 348 98 134 349 3 136 350 1 135 351 151 137 352 49 138 353 151 137 354 1 135 355 3 136 356 49 138 357 248 129 358 96 131 359 248 129 360 49 138 361 151 137 362 203 139 363 97 140 364 139 141 365 203 139 366 139 141 367 172 142 368 203 139 369 172 142 370 0 143 371 203 139 372 0 143 373 50 144 374 203 139 375 50 144 376 97 140 377 93 145 378 318 146 379 265 147 380 314 148 381 286 149 382 41 150 383 286 149 384 314 148 385 298 151 386 93 145 387 41 150 388 318 146 389 41 150 390 93 145 391 314 148 392 39 152 393 99 153 394 106 154 395 36 155 396 218 156 397 2 157 398 218 156 399 36 155 400 169 158 401 39 152 402 2 157 403 99 153 404 2 157 405 39 152 406 36 155 407 192 159 408 25 160 409 149 161 410 209 162 411 228 163 412 91 164 413 228 163 414 209 162 415 90 165 416 192 159 417 91 164 418 25 160 419 91 164 420 192 159 421 209 162 422 236 166 423 165 167 424 144 168 425 262 169 426 191 170 427 119 171 428 191 170 429 262 169 430 117 172 431 236 166 432 119 171 433 165 167 434 119 171 435 236 166 436 262 169 437 285 173 438 243 174 439 168 175 440 281 176 441 47 177 442 101 178 443 47 177 444 281 176 445 263 179 446 285 173 447 101 178 448 243 174 449 101 178 450 285 173 451 281 176 452 287 180 453 190 181 454 11 182 455 190 181 456 287 180 457 292 183 458 292 183 459 287 180 460 233 184 461 11 182 462 220 185 463 143 186 464 220 185 465 11 182 466 190 181 467 141 187 468 30 188 469 6 189 470 30 188 471 141 187 472 252 190 473 252 190 474 141 187 475 213 191 476 6 189 477 63 192 478 279 193 479 63 192 480 6 189 481 30 188 482 181 194 483 175 195 484 70 196 485 181 194 486 77 197 487 175 195 488 77 197 489 181 194 490 217 198 491 126 199 492 251 200 493 313 201 494 251 200 495 126 199 496 282 202 497 282 202 498 126 199 499 147 203 500 313 201 501 160 204 502 246 205 503 160 204 504 313 201 505 251 200 506 100 206 507 180 207 508 5 208 509 174 209 510 319 210 511 308 211 512 9 212 513 35 213 514 128 214 515 321 215 516 201 216 517 224 217 518 253 218 519 322 219 520 295 220 521 167 221 522 323 222 523 306 223 524 323 222 525 167 221 526 325 224 527 241 225 528 306 223 529 296 226 530 306 223 531 241 225 532 167 221 533 7 227 534 296 226 535 155 228 536 296 226 537 7 227 538 241 225 539 325 224 540 155 228 541 323 222 542 155 228 543 325 224 544 7 227 545 164 229 546 325 224 547 167 221 548 325 224 549 164 229 550 276 230 551 231 231 552 167 221 553 241 225 554 167 221 555 231 231 556 164 229 557 312 232 558 241 225 559 7 227 560 241 225 561 312 232 562 231 231 563 276 230 564 7 227 565 325 224 566 7 227 567 276 230 568 312 232 569 260 233 570 276 230 571 164 229 572 276 230 573 260 233 574 187 234 575 146 235 576 164 229 577 231 231 578 164 229 579 146 235 580 260 233 581 146 235 582 312 232 583 73 236 584 312 232 585 146 235 586 231 231 587 73 236 588 276 230 589 187 234 590 276 230 591 73 236 592 312 232 593 109 237 594 226 238 595 272 239 596 226 238 597 109 237 598 133 240 599 133 240 600 44 241 601 226 238 602 44 241 603 133 240 604 112 242 605 112 242 606 195 243 607 44 241 608 195 243 609 112 242 610 14 244 611 195 243 612 150 245 613 82 246 614 150 245 615 195 243 616 14 244 617 82 246 618 109 237 619 272 239 620 109 237 621 82 246 622 150 245 623 81 247 624 43 247 625 196 247 626 81 248 627 225 248 628 43 248 629 81 249 630 273 249 631 225 249 632 28 250 633 278 251 634 111 252 635 215 253 636 206 254 637 188 255 638 206 254 639 215 253 640 204 256 641 28 250 642 188 255 643 278 251 644 188 255 645 28 250 646 215 253 647 56 257 648 270 258 649 197 259 650 8 260 651 67 261 652 159 262 653 67 261 654 8 260 655 156 263 656 56 257 657 159 262 658 270 258 659 159 262 660 56 257 661 8 260 662 54 264 663 53 265 664 18 266 665 267 267 666 302 268 667 259 269 668 302 268 669 267 267 670 269 270 671 54 264 672 259 269 673 53 265 674 259 269 675 54 264 676 267 267 677 125 271 678 138 272 679 118 273 680 118 273 681 157 274 682 125 271 683 157 274 684 118 273 685 148 275 686 189 276 687 299 277 688 208 278 689 186 279 690 189 276 691 200 280 692 189 276 693 186 279 694 299 277 695 71 281 696 37 282 697 219 283 698 37 282 699 71 281 700 79 284 701 79 284 702 71 281 703 170 285 704 219 283 705 136 286 706 274 287 707 136 286 708 219 283 709 37 282 710 210 288 711 212 289 712 137 290 713 212 289 714 210 288 715 88 291 716 88 291 717 210 288 718 33 292 719 137 290 720 26 293 721 20 294 722 26 293 723 137 290 724 212 289 725 64 295 726 62 296 727 254 297 728 64 295 729 129 298 730 62 296 731 129 298 732 64 295 733 293 299 734 134 300 735 83 301 736 89 302 737 134 300 738 21 303 739 83 301 740 21 303 741 134 300 742 74 304 743 131 305 744 65 306 745 55 307 746 84 308 747 230 309 748 309 310 749 297 311 750 31 312 751 283 313 752 320 314 753 291 315 754 57 316 755 183 317 756 162 318 757 194 319 758 103 320 759 72 321 760 95 322 761 132 323 762 103 320 763 32 324 764 103 320 765 132 323 766 72 321 767 12 325 768 103 320 769 95 322 770 12 325 771 32 324 772 103 320 773 27 326 774 32 324 775 12 325 776 255 327 777 32 324 778 27 326 779 72 321 780 271 328 781 95 322 782 72 321 783 45 329 784 271 328 785 132 323 786 45 329 787 72 321 788 132 323 789 255 327 790 45 329 791 132 323 792 32 324 793 255 327 794</p>
        </triangles>
      </mesh>
    </geometry>
    <geometry id="birch_A_impassable-mesh" name="birch_A_impassable">
      <mesh>
        <source id="birch_A_impassable-mesh-positions">
          <float_array id="birch_A_impassable-mesh-positions-array" count="768">-0.1268559 0.23991 0.3440138 0.06183868 0.0207861 0.1096587 0.04508817 0.02238923 0.3184775 0.2039698 -0.2783067 0.4313291 0.06329303 0.03013807 0.113793 -0.04935353 0.1985873 0.2068961 0.08492147 0.02298939 0.3137627 0.1185764 -0.1641288 0.1073299 0.1511551 -0.05913889 0.4621238 0.08564209 -0.009645223 0.4592123 0.08564209 -0.009645223 0.4592123 -0.1140424 0.1307329 0.2200468 0.1413245 -0.07135808 0.3913254 -0.07242953 0.06871944 0.3060056 -0.1304839 0.09618061 0.02111184 0.03113853 0.04348993 0.4002076 0.07446151 -0.1614409 -0.01860988 -0.01644426 -0.1987149 0.5393834 0.05442893 -0.2789368 0.2508556 0.07675117 -0.1394354 0.5668535 0.225113 -0.244647 0.3466139 -0.05618417 0.09635603 0.5382617 0.1624597 -0.06390833 0.297834 0.1624597 -0.06390833 0.297834 0.1531341 -0.1866081 0.3486862 0.1267616 -0.178685 0.1155753 -0.1061022 0.03351014 0.3425326 0.1637749 -0.1984008 0.3457595 -0.05747193 0.0183503 0.5022987 0.04698717 0.03123497 0.1108697 -0.03673207 0.03330421 0.279326 0.06551551 -0.004730701 0.2448653 0.1621457 -0.1786116 0.3430669 -0.1301094 0.02786874 0.3072459 -0.1301094 0.02786874 0.3072459 0.2224783 -0.2106497 0.4966152 0.2224783 -0.2106497 0.4966152 0.07696491 -0.1741234 0.5444883 -0.06521451 0.2391158 0.364275 -0.1200486 0.1387003 0.1002814 0.2678498 -0.2658436 0.2842456 0.2160506 -0.2188747 0.4971213 0.2160506 -0.2188747 0.4971213 0.1834135 -0.2002538 0.1523524 -0.0579878 0.2948839 0.3113874 -0.09794712 0.1854839 0.3035324 -0.09794712 0.1854839 0.3035324 6.0544e-4 0.1254779 0.3080283 -0.1697522 0.1685166 0.03386896 0.1393435 -0.03858697 0.2136896 0.1912602 -0.2104425 0.1392289 -0.1315118 0.1069261 0.3890907 0.1279849 -0.2488617 0.4723646 0.0072636 0.05893188 0.2822343 0.0072636 0.05893188 0.2822343 -0.06089323 -0.03387051 0.2664991 0.04179096 -0.1321357 0.311045 -0.1911368 0.003600716 0.3174239 0.1307544 -0.1706784 0.1013069 0.05502712 -0.2325542 0.408056 -0.001746416 0.09759837 0.5003485 0.135838 -0.04822623 0.2111644 0.1307544 -0.1706784 0.1013069 -0.05900442 0.01690483 0.3051238 0.2807874 -0.1564107 0.4830704 -0.02152067 0.2082138 0.4838547 -0.1633232 -0.07553106 0.2735369 0.1031031 -0.1928616 -0.02526354 0.1453403 -0.2008097 0.3411094 0.2091101 -0.2112609 0.4987336 0.2091101 -0.2112609 0.4987336 0.0341891 -0.2189711 0.5472424 0.1659806 -0.01357042 0.4648781 -0.09694647 0.1782601 0.3094771 -0.09694647 0.1782601 0.3094771 -0.1139763 0.1525232 0.02350789 0.2621799 -0.2704578 0.3097364 0.2621799 -0.2704578 0.3097364 0.07991933 -0.3104702 0.2299973 0.03189307 -0.1356137 0.3018087 -0.09986716 0.2194063 0.4301644 0.04698729 0.03123509 0.1108697 0.1180822 -0.1621288 0.1046323 -0.1037845 0.1189162 0.4150171 0.05285602 0.01950603 0.1074514 -0.1287769 0.116279 0.1739566 -0.1020147 -0.0688557 0.2960264 0.2664438 -0.2747186 0.3069557 0.2664438 -0.2747186 0.3069557 0.03562325 -0.14452 0.3031169 0.1083685 -0.04720431 0.2684839 -0.07741504 0.1129035 0.3597424 0.1069704 0.05401688 0.3964502 0.05278527 0.02645194 0.4666806 0.2006154 -0.2382063 0.2891684 0.06233441 -0.08957564 0.3832365 0.03036266 0.03418308 0.2757706 0.08839321 -0.01629084 0.314034 -0.01917833 -0.1412617 0.4458491 0.1162918 -0.2162227 0.2817659 -0.1232331 0.06799745 0.506046 0.01607525 0.07071119 0.2851419 0.01607525 0.07071119 0.2851419 -0.1400223 0.1479368 0.350053 0.2488552 -0.344451 0.2770341 0.05965286 0.03639537 -0.001617252 0.1013907 -0.1399812 -0.02157056 0.04020845 -0.2447015 0.2227753 0.1147378 -0.191231 0.4119338 0.03043508 0.03119289 0.001370191 0.07211107 -0.2841671 0.1966703 0.1062737 -0.171949 0.1082578 0.1582306 -0.06270253 0.3013865 0.1582306 -0.06270253 0.3013865 0.03499299 -0.03293865 0.4629074 0.1230603 -0.3148595 0.2431352 0.1724019 -0.1857328 0.3395046 -0.1520358 0.1478725 0.1062234 -0.138217 0.08920401 0.2577201 -0.009186625 0.24755 0.3089861 0.05106139 0.07192546 0.003017663 -0.1197349 0.03110527 0.3048243 -0.1197349 0.03110527 0.3048243 0.004399001 0.068102 0.2824108 0.004399001 0.068102 0.2824108 0.2918502 -0.2261189 0.4822479 0.142584 -0.04674994 0.2010999 0.246907 -0.2019416 0.5601615 0.2431248 -0.2726584 0.513714 0.2520833 -0.2707269 0.349933 -0.1862596 0.1121741 0.03147286 0.06229889 -0.2107293 0.2653232 0.08410567 0.04166656 0.2728372 0.1902935 -0.2732644 0.3194343 0.1618112 -0.0690068 0.2958967 0.1618112 -0.0690068 0.2958967 0.1147142 -0.03824853 0.3142585 -0.148575 0.1743574 0.2658383 0.008327841 -0.03265374 0.3953701 0.2121291 -0.2836849 0.3485038 0.0266062 -0.1593372 0.449626 0.0266062 -0.1593372 0.449626 0.08026313 -0.01117479 0.3535029 0.2485463 -0.2335541 0.3138757 -0.004610717 -0.21625 0.4402467 -0.1491866 0.2680393 0.2633223 0.1109425 -0.1690171 0.1090501 0.01418489 -0.01981908 0.2723398 0.08547854 -0.003025531 0.3176442 0.06629306 0.02146571 0.1079354 0.1152202 -0.256182 0.2979896 -0.09357702 0.002372324 0.2176299 0.007473349 0.04899066 0.4239216 -0.1248992 0.1341957 0.2680405 -0.08834254 0.1144883 0.4121487 0.09153282 -0.01442176 0.3320723 0.09775865 -0.2260416 0.2090719 0.1543148 0.007615685 0.3976213 0.07735532 -0.01738369 0.3113419 0.08751934 -0.01816022 0.4566398 0.08751934 -0.01816022 0.4566398 -0.06964808 0.05917298 0.2449469 0.2090672 -0.2836948 0.2646223 0.1261039 -0.2896603 0.2131131 0.1175815 0.008804976 0.2729492 0.1481942 -0.2556881 0.2556609 0.02241408 0.06263619 0.2132717 -0.1443051 0.05983734 0.3209143 -0.05759739 0.2790163 0.2349549 0.1124795 -0.1449997 0.4671678 0.02886921 -0.1049626 0.5562136 0.05616897 0.03180736 0.1220912 0.02484792 0.05340135 0.2170355 0.2199543 -0.341956 0.3078872 0.03246968 -0.01973152 0.3158015 0.1157118 -0.1796747 0.1096976 0.1757829 -0.2227337 0.1538735 0.1089509 0.02729833 0.4600326 -0.09291279 0.09888947 0.4114853 0.06234472 -0.05121916 0.3090895 0.1239332 -0.1644287 0.1165438 0.03529536 0.06228315 0.2187874 -0.07630521 0.2226859 0.5016878 0.2827911 -0.290582 0.325105 0.05392038 0.02042067 0.1101009 0.1762964 -0.1278794 0.4352722 -0.1845931 0.1260324 0.4590848 -5.255e-5 0.2767885 0.2721324 -0.1083547 0.1033173 0.4143537 0.05483871 -0.09327024 0.4615833 0.02050381 -0.159974 0.4476763 0.02050381 -0.159974 0.4476763 0.01789373 -0.1543073 0.4476988 0.01789373 -0.1543073 0.4476988 -0.04259312 -0.1257487 0.5470646 0.1192127 -0.1861752 0.1050252 0.06276285 0.03742462 0.1125596 -0.1621678 0.1878803 0.48047 -0.1317011 0.02447617 0.4803834 0.1252285 -0.005930781 0.3162119 -0.08552575 0.01980602 0.4283157 -0.02733182 0.1593216 0.4081228 -0.1317524 0.1108048 0.2670458 0.08565008 -0.3099856 0.2909833 0.2683188 -0.3297045 0.3195377 0.06904166 -0.1713072 0.3828451 -0.1295156 0.106388 0.09890723 0.02507513 -0.1517224 0.450258 0.02507513 -0.1517224 0.450258 0.07711726 -0.0773366 0.4534434 0.1914277 -0.317663 0.2918155 -0.0875808 0.1841722 0.3095563 -0.0875808 0.1841722 0.3095563 0.1182959 -0.1811255 0.1143503 -0.1017436 0.1275559 0.2637391 -0.1394515 0.1199213 0.1876925 -0.1283415 0.1323683 0.2107817 0.1407105 -0.2877151 0.2771314 0.1560748 -0.06900388 0.2999483 0.1560748 -0.06900388 0.2999483 0.05248713 -0.06018894 0.2637345 0.1187146 -0.0256561 0.4889775 0.07734346 -0.01321804 0.4595689 0.07734346 -0.01321804 0.4595689 0.2612032 -0.2805242 0.3100112 0.2612032 -0.2805242 0.3100112 0.07207936 -0.2517927 0.2848517 0.2209991 -0.1332421 0.5153591 -0.1235358 0.1218489 0.2127034 -0.1615028 0.1155602 0.1048492 0.04406535 -0.143966 0.3104816 0.01697462 0.05710715 0.005616247 -0.1649696 -0.04587823 0.3282495 0.2156358 -0.2060608 0.4980162 0.2156358 -0.2060608 0.4980162 -0.0639016 0.07531201 0.2919374 -0.1296641 0.1271574 0.1787037 0.2638744 -0.2484655 0.3474207 0.02572321 -0.1669238 0.5940505 0.1833366 -0.2494899 0.5460026 0.129628 -0.1589185 -0.02735233 0.01698553 0.1867363 0.262442 -0.1761868 0.02618807 0.2526361 0.07252317 -0.00750792 0.3134644 0.1441314 -0.03923392 0.205065 0.1722737 -0.1797816 0.5468251 0.08044707 -0.01942449 0.4574196 0.08044707 -0.01942449 0.4574196 0.265895 -0.2191596 0.3913388 -0.1085968 0.104165 0.2627444 -0.1222568 0.02499306 0.2979304 -0.1222568 0.02499306 0.2979304 0.05206382 0.02008163 0.1192439 0.2360847 -0.1510481 0.4029836 0.06301581 0.03087532 0.1186053 0.113925 -0.1602696 0.47341</float_array>
          <technique_common>
            <accessor source="#birch_A_impassable-mesh-positions-array" count="256" stride="3">
              <param name="X" type="float"/>
              <param name="Y" type="float"/>
              <param name="Z" type="float"/>
            </accessor>
          </technique_common>
        </source>
        <source id="birch_A_impassable-mesh-normals">
          <float_array id="birch_A_impassable-mesh-normals-array" count="792">0.941868 -0.3358259 -0.01027971 -0.2867445 0.5904589 -0.754411 0.8211764 0.04143369 -0.5691685 -0.9165337 0.05653035 0.3959425 -0.1695604 -0.4453501 0.8791545 -0.2898192 -0.4303697 0.8548607 -0.6278453 0.3258619 0.7068411 0.03913187 -0.4474834 -0.8934358 -0.9894294 0.05882143 0.1325505 0.7073293 -0.2967962 -0.6415585 0.664624 0.3089368 0.6803183 0.5972779 0.351623 0.720847 -0.4520546 0.7319105 -0.5098567 0.2853876 -0.6232483 -0.7280902 -0.7619491 -0.3380691 -0.5523976 0.5933284 0.4166556 -0.6887377 -0.198702 0.4866909 0.850676 0.3997675 -0.6116593 0.682685 0.6503762 0.2551153 0.7154907 -0.4477601 -0.3556635 0.8203747 -0.7445634 -0.4714654 0.4725947 -0.4010816 0.7750586 0.4882806 -0.8407927 -0.4860584 0.238359 -0.4462495 0.8610312 0.2438988 0.4814843 -0.8468759 0.225775 0.4944875 -0.8681988 -0.04139 0.8684375 0.4368936 0.2343937 0.8752229 0.4826956 -0.03146165 -0.6007404 -0.730509 0.324758 0.2020254 -0.6303459 0.7495664 -0.180193 -0.1391313 0.9737418 -0.0986365 -0.5940659 -0.7983461 0.6995371 -0.4170515 -0.5802724 0.6234486 -0.03419083 0.7811166 0.1158009 -0.05428779 0.9917879 -0.9998337 0.003897488 -0.01782286 -0.7752022 0.522228 0.3554429 -0.2597885 -0.03078323 -0.9651748 0.318145 0.2139763 -0.9235789 0.6777281 0.6260275 0.3857129 0.05157375 0.6349615 0.7708205 -0.1797587 0.6200272 -0.7637101 0.7577239 0.6282765 -0.1764172 0.09602516 0.8331736 0.5446109 0.4865442 0.1162147 0.8658919 -0.04541969 0.4434853 -0.8951302 -0.6920941 0.5024775 -0.5181912 -0.3521545 0.223285 0.9089176 0.1382215 0.11474 0.9837325 0.9086287 -0.09339559 -0.4070274 0.7949249 -0.4980604 0.3464543 -0.008132517 -0.01484221 -0.9998569 -0.6617008 -0.1560362 -0.7333517 -0.5667546 -0.3128162 0.7621912 0.03440648 -0.335718 0.9413341 0.01154482 -0.9619619 -0.2729395 0.988974 0.1272377 0.07576984 0.4383266 0.5869426 0.6807116 0.4035705 -0.1243434 0.90646 0.2775111 0.4416287 -0.8532009 -0.2901242 0.7869457 -0.5445589 -0.2535125 0.4107968 0.8757725 0.1329838 0.03957253 0.9903279 0.7696222 -0.5912438 -0.2410653 0.4110649 -0.8224512 0.3931918 0.039321 -0.02704292 -0.9988606 -0.543282 0.1826662 -0.8194375 -0.7848136 0.05704838 0.6171007 -0.2369231 -0.3247096 0.9156588 -0.4488052 -0.7945956 -0.4088911 0.5551718 -0.4599554 0.692983 0.1080697 -0.05157464 0.9928047 -0.08743059 -0.5918672 0.8012798 0.7553112 0.08606874 0.6496901 0.1992477 0.4559561 0.8674125 -0.223744 0.3808198 0.8971706 -0.4156128 -0.1838858 0.8907592 0.5126996 -0.5631791 -0.6480498 -0.2875883 -0.749058 -0.5968292 0.6639783 0.324679 -0.6735848 0.205291 0.8710362 -0.4462641 -0.605191 0.6929183 -0.3919289 -0.8824546 -0.1653797 -0.4403675 -0.06523698 0.07467442 -0.9950718 0.5527945 -0.445456 0.7042636 0.1080641 -0.05311262 0.9927241 -0.07790666 -0.5717183 0.8167428 0.7547224 0.07483577 0.651762 0.1945998 0.4265791 0.8832674 -0.2098299 0.3652093 0.9069696 -0.3952372 -0.1802653 0.9007175 0.5085655 -0.5672473 -0.647759 -0.2896735 -0.7543107 -0.5891559 0.6561404 0.3296393 -0.6788356 0.2056044 0.8769816 -0.434316 -0.6067424 0.6958217 -0.3843122 -0.8854057 -0.1667451 -0.4338811 -0.06795716 0.07455319 -0.9948988 0.7539684 -0.03997135 0.6556937 -0.5430917 0.4970768 -0.676732 0.8185142 0.4061224 0.4063239 -0.6884227 0.1731131 -0.704348 -0.3338253 -0.9023032 0.2727814 -0.07986408 -0.7915438 0.6058715 -0.6118249 0.4135351 -0.6742842 0.6272712 0.7374179 0.250491 -0.4281219 -0.9036555 -0.01088517 0.3891653 0.7489177 0.5363512 -0.8409119 0.266609 0.4709426 0.4800849 0.773302 0.4141531 -0.7288899 0.2907943 0.619805 -0.4478829 -0.8829638 -0.1406268 -0.4941226 -0.869154 0.02035504 0.8167423 -0.5342426 -0.2179839 0.861195 -0.4923154 -0.1263674 -0.9431239 0.3110316 0.1173747 0.5311877 0.8248065 0.193737 -0.4374635 -0.8863666 -0.1515913 0.803944 -0.5918257 -0.05844956 -0.9170395 0.3901996 -0.08235841 0.3483957 0.9334765 0.08510094 -0.5260239 -0.8504583 -0.004432678 0.8265367 -0.5322035 0.1832937 -0.6069713 -0.4410521 0.6611043 0.3366914 -0.4384152 -0.8333253 -0.7197327 -0.6901968 0.0749222 0.1172952 -0.2728498 -0.9548796 0.7999103 0.4791954 -0.3612692 0.682587 0.7188398 -0.131698 -0.06114381 0.5765136 0.8147966 -0.0162127 0.3602685 0.9327078 0.4755175 -0.6863943 -0.5502235 -0.8353673 -0.5443496 0.07645356 0.8512318 0.5243973 0.02029794 -0.3731084 0.6921089 0.6178798 0.156704 0.7168543 0.6793849 0.2720183 -0.003104746 0.9622871 0.8277009 0.5437934 0.138565 -0.192338 0.1375388 0.9716425 -0.1530241 -0.3878815 0.9089179 0.3491903 -0.7163845 0.6040359 0.9357912 -0.2750094 0.2206007 -0.2022062 0.8613097 -0.4661096 0.270515 0.511806 -0.8153995 -0.8678904 0.4382236 0.233937 -0.7765237 -0.593027 0.212909 -0.01621335 -0.8632858 -0.504455 0.4895736 -0.1191069 -0.863789 -0.3203489 0.004928112 -0.9472868 0.468183 0.161032 0.8688346 0.03850263 -0.1070398 0.993509 0.5147935 -0.3045783 0.8013862 -0.01236432 0.7197567 0.6941164 -0.7947083 0.4313883 0.4270164 -0.5991513 -0.5553187 0.5767487 0.1026454 -0.6643601 0.7403308 0.9362382 0.3500288 0.03062611 0.8040006 -0.2427616 -0.5428164 0.1151156 0.8675488 -0.4838465 -0.5315616 0.2822532 -0.7986085 -0.5604897 -0.5676316 -0.6030305 0.03785592 -0.7320484 -0.6802 0.005085885 0.1471949 -0.9890945 -0.2826855 0.0157656 0.9590831 -0.1758447 -0.5110155 0.8413928 0.1856054 0.02396327 0.9823322 -0.8753872 -0.3705613 0.3104538 -0.3766044 -0.7425457 -0.5538908 0.4641759 -0.8631031 -0.1989822 0.6577814 -0.2959582 0.6926272 -0.4885859 0.7653229 0.4190045 0.3804138 0.6558013 0.6520813 -0.8402352 0.1817406 -0.5108574 -0.2757295 -0.1792858 -0.9443674 0.3777176 -0.1830121 -0.9076541 0.9690942 0.2466179 0.006016194 0.08978396 0.4446265 -0.891205 -0.3248057 -0.2219899 0.9193594 0.429804 0.02074736 -0.9026838 -0.6499416 -0.7599644 0.005505144 0.3586432 0.4646338 -0.8096237 0.2419008 0.7088252 0.6626091 0.07306694 0.4056075 0.9111223 0.5851271 -0.09499669 -0.8053584 -0.3349462 -0.8628693 -0.3785071 0.01802492 0.6144409 0.788757 0.06720507 -0.9731305 0.2202281 0.9874123 0.1524646 -0.04209131 0.0366643 -0.9950478 0.09238845 0.9758588 0.1442552 0.1639815 -0.0234183 0.9703469 0.2405796 0.001534998 0.935691 0.3528174 -0.9137437 0.0537402 0.4027214 -0.8861904 0.05930155 0.4595107 0.9001466 0.2012722 -0.3862975 -0.05017524 -0.9911205 -0.1231369 -0.02402228 0.9734819 0.2274994 -0.8501093 0.0832194 0.5199893 0.8229081 0.1013935 -0.5590544 0.1318874 -0.9241911 -0.3584363 0.1233233 0.9505878 0.284911 -0.7594107 -0.02979129 0.6499291 0.6317304 0.6550263 0.4145567 -0.709744 0.4005764 -0.5794843 0.3857134 0.8898188 0.2438189 -0.5775049 0.2447026 -0.778851 -0.5686936 -0.7483004 -0.3415175 -0.3704562 -0.9274352 0.05124723 0.6168797 -0.5264328 0.5850881 0.4436246 -0.474533 0.7602736 -0.8937773 0.346823 -0.284387 0.4215809 0.8021703 0.4228386 -0.4789514 -0.7997472 -0.3619531 0.749975 -0.6130675 0.2483662 0.481009 0.3510239 0.8033758 -0.1510611 0.4040089 0.9021959 0.1497375 -0.09868419 0.9837887 0.2622215 0.8996576 -0.3490793 -0.4771149 0.6402544 -0.6020263 -0.8898774 0.07954525 0.4492112 -0.2006374 -0.1394809 0.9696854 0.8869649 -0.1051228 0.4497137 0.604914 -0.5109497 0.6107451 0.4389535 0.2912484 -0.8499966 -0.2242636 0.08598887 -0.9707275 -0.8593568 -0.4392838 -0.2617936 -0.328794 -0.8148407 0.4774196 0.2222464 -0.6487307 -0.7278427 -0.1268507 0.2555934 0.9584264 -0.1268308 0.2556079 0.9584251 -0.1268092 0.2556238 0.9584237 0.256821 -0.4458726 0.8574617 0.2568342 -0.4458672 0.8574607 0.256855 -0.4458585 0.8574588 -0.01741141 -0.0681703 0.9975218 -0.01741039 -0.06817495 0.9975215 -0.01740902 -0.06819224 0.9975203 0.121645 -0.1326684 0.9836674 0.1216613 -0.1326646 0.983666 0.1230481 -0.1323119 0.9835409 0.12165 -0.1326596 0.983668 0.1216584 -0.1326578 0.9836673 0.1216566 -0.1326574 0.9836676 0.2965601 -0.19053 0.9358155 0.2965455 -0.1905474 0.9358165 0.2965305 -0.1905679 0.935817 0.2965514 -0.190526 0.935819 0.2965497 -0.1905266 0.9358193 0.2965526 -0.1905218 0.9358195 0.2779362 -0.04710978 0.9594438 0.2779379 -0.04711931 0.9594428 0.2779368 -0.04711115 0.9594435 0.1237512 -0.0597561 0.9905125 0.1237518 -0.05975168 0.9905127 0.1237515 -0.05975526 0.9905124 0.1237373 -0.05975592 0.9905142 0.1237376 -0.05975371 0.9905143 0.1237378 -0.05975282 0.9905143 -0.05183833 -0.08989185 0.9946016 -0.05184137 -0.08988422 0.9946021 -0.05183684 -0.08989614 0.9946013 -0.05185997 -0.08989858 0.9945998 -0.05186361 -0.08988493 0.994601 -0.05186253 -0.0898835 0.9946011</float_array>
          <technique_common>
            <accessor source="#birch_A_impassable-mesh-normals-array" count="264" stride="3">
              <param name="X" type="float"/>
              <param name="Y" type="float"/>
              <param name="Z" type="float"/>
            </accessor>
          </technique_common>
        </source>
        <source id="birch_A_impassable-mesh-map-0">
          <float_array id="birch_A_impassable-mesh-map-0-array" count="2232">1.230928 0 0.1417058 0.1089342 0.141707 0 0.1417058 0.1089342 1.230928 0 1.230927 0.1089348 1.230927 0.1089348 0.1417033 0 0.1417058 0.1089342 0.1417033 0 1.230927 0.1089348 1.230925 0 1.230925 0 0.1417015 0.1541233 0.1417033 0 0.1417015 0.1541233 1.230925 0 1.230922 0.1541227 1.230928 0 0.1417058 0.1089342 0.141707 0 0.1417058 0.1089342 1.230928 0 1.230927 0.1089348 1.230927 0.1089348 0.1417033 0 0.1417058 0.1089342 0.1417033 0 1.230927 0.1089348 1.230925 0 1.230925 0 0.1417015 0.1541233 0.1417033 0 0.1417015 0.1541233 1.230925 0 1.230922 0.1541227 0.9897258 0.1513663 -0.01027369 0.01027226 0.9897263 0.01027584 -0.01027369 0.01027226 0.9897258 0.1513663 -0.01027423 0.1513627 0.9897263 0.01027584 -0.01027423 0.1513627 -0.01027369 0.01027226 -0.01027423 0.1513627 0.9897263 0.01027584 0.9897258 0.1513663 0.9897263 0.01027584 0.8289963 0.1513651 0.8289967 0.01027464 0.8289963 0.1513651 0.9897263 0.01027584 0.9897258 0.1513663 0.8289967 0.01027464 0.3230591 0.1513639 0.3230596 0.01027345 0.3230591 0.1513639 0.8289967 0.01027464 0.8289963 0.1513651 0.3230596 0.01027345 -0.01027423 0.1513627 -0.01027369 0.01027226 -0.01027423 0.1513627 0.3230596 0.01027345 0.3230591 0.1513639 0.9897263 0.01027584 0.8289963 0.1513651 0.8289967 0.01027464 0.8289963 0.1513651 0.9897263 0.01027584 0.9897258 0.1513663 0.8289967 0.01027464 0.3230591 0.1513639 0.3230596 0.01027345 0.3230591 0.1513639 0.8289967 0.01027464 0.8289963 0.1513651 0.3230596 0.01027345 -0.01027423 0.1513627 -0.01027369 0.01027226 -0.01027423 0.1513627 0.3230596 0.01027345 0.3230591 0.1513639 0.9897263 0.01027584 0.8289963 0.1513651 0.8289967 0.01027464 0.8289963 0.1513651 0.9897263 0.01027584 0.9897258 0.1513663 0.8289967 0.01027464 0.3230591 0.1513639 0.3230596 0.01027345 0.3230591 0.1513639 0.8289967 0.01027464 0.8289963 0.1513651 0.3230596 0.01027345 -0.01027423 0.1513627 -0.01027369 0.01027226 -0.01027423 0.1513627 0.3230596 0.01027345 0.3230591 0.1513639 0.9897263 0.01027584 0.8289963 0.1513651 0.8289967 0.01027464 0.8289963 0.1513651 0.9897263 0.01027584 0.9897258 0.1513663 0.8289967 0.01027464 0.3230591 0.1513639 0.3230596 0.01027345 0.3230591 0.1513639 0.8289967 0.01027464 0.8289963 0.1513651 0.3230596 0.01027345 -0.01027423 0.1513627 -0.01027369 0.01027226 -0.01027423 0.1513627 0.3230596 0.01027345 0.3230591 0.1513639 0.9173188 0.8976572 0.6651126 0.9691059 0.7500763 0.8976572 0.5821176 0.8976572 0.6651126 0.9691059 0.9173188 0.8976572 0.7500022 0.8976572 0.6651126 0.9691059 0.5821176 0.8976572 0.9167628 0.8976572 0.6651126 0.9691059 0.7500022 0.8976572 0.7500153 0.8976572 0.6651126 0.9691059 0.9167628 0.8976572 0.5826786 0.8976572 0.6651126 0.9691059 0.7500153 0.8976572 0.7500763 0.8976572 0.9173188 0.6709923 0.9173188 0.8976572 0.9173188 0.6709923 0.7500763 0.8976572 0.7500763 0.6709923 0.9173188 0.8976572 0.5821176 0.6709923 0.5821176 0.8976572 0.5821176 0.6709923 0.9173188 0.8976572 0.9173188 0.6709923 0.5821176 0.8976572 0.7500022 0.6709923 0.7500022 0.8976572 0.7500022 0.6709923 0.5821176 0.8976572 0.5821176 0.6709923 0.7500022 0.8976572 0.9167628 0.6709923 0.9167628 0.8976572 0.9167628 0.6709923 0.7500022 0.8976572 0.7500022 0.6709923 0.9167628 0.8976572 0.7500153 0.6709923 0.7500153 0.8976572 0.7500153 0.6709923 0.9167628 0.8976572 0.9167628 0.6709923 0.7500153 0.8976572 0.5826786 0.6709923 0.5826786 0.8976572 0.5826786 0.6709923 0.7500153 0.8976572 0.7500153 0.6709923 0.7500763 0.6709923 0.6649451 0.5995436 0.9173188 0.6709923 0.9173188 0.6709923 0.6649451 0.5995436 0.5821176 0.6709923 0.5821176 0.6709923 0.6649451 0.5995436 0.7500022 0.6709923 0.7500022 0.6709923 0.6649451 0.5995436 0.9167628 0.6709923 0.9167628 0.6709923 0.6649451 0.5995436 0.7500153 0.6709923 0.7500153 0.6709923 0.6659566 0.5995436 0.5826786 0.6709923 0.6018137 0.9637461 0.5203623 0.738562 0.6018137 0.8144224 0.6018137 0.6644592 0.5203623 0.738562 0.6018137 0.9637461 0.6018137 0.8143562 0.5203623 0.738562 0.6018137 0.6644592 0.6018137 0.9632497 0.5203623 0.738562 0.6018137 0.8143562 0.6018137 0.8143679 0.5203623 0.738562 0.6018137 0.9632497 0.6018137 0.6649602 0.5203623 0.738562 0.6018137 0.8143679 0.6018137 0.8144224 0.8602116 0.9637461 0.6018137 0.9637461 0.8602116 0.9637461 0.6018137 0.8144224 0.8602116 0.8144225 0.6018137 0.9637461 0.8602117 0.6644594 0.6018137 0.6644592 0.8602117 0.6644594 0.6018137 0.9637461 0.8602116 0.9637461 0.6018137 0.6644592 0.8602116 0.8143562 0.6018137 0.8143562 0.8602116 0.8143562 0.6018137 0.6644592 0.8602117 0.6644594 0.6018137 0.8143562 0.8602116 0.9632498 0.6018137 0.9632497 0.8602116 0.9632498 0.6018137 0.8143562 0.8602116 0.8143562 0.6018137 0.9632497 0.8602116 0.814368 0.6018137 0.8143679 0.8602116 0.814368 0.6018137 0.9632497 0.8602116 0.9632498 0.6018137 0.8143679 0.8602117 0.6649603 0.6018137 0.6649602 0.8602117 0.6649603 0.6018137 0.8143679 0.8602116 0.814368 0.8602116 0.8144225 0.9416631 0.7384125 0.8602116 0.9637461 0.8602116 0.9637461 0.9416631 0.7384125 0.8602117 0.6644594 0.8602117 0.6644594 0.9416631 0.7384125 0.8602116 0.8143562 0.8602116 0.8143562 0.9416631 0.7384125 0.8602116 0.9632498 0.8602116 0.9632498 0.9416631 0.7384125 0.8602116 0.814368 0.8602116 0.814368 0.9416631 0.7384125 0.8602117 0.6649603 0.6018137 0.9637461 0.5203623 0.738562 0.6018137 0.8144224 0.6018137 0.6644592 0.5203623 0.738562 0.6018137 0.9637461 0.6018137 0.8143562 0.5203623 0.738562 0.6018137 0.6644592 0.6018137 0.9632497 0.5203623 0.738562 0.6018137 0.8143562 0.6018137 0.8143679 0.5203623 0.738562 0.6018137 0.9632497 0.6018137 0.6649602 0.5203623 0.738562 0.6018137 0.8143679 0.6018137 0.8144224 0.8602116 0.9637461 0.6018137 0.9637461 0.8602116 0.9637461 0.6018137 0.8144224 0.8602116 0.8144225 0.6018137 0.9637461 0.8602117 0.6644594 0.6018137 0.6644592 0.8602117 0.6644594 0.6018137 0.9637461 0.8602116 0.9637461 0.6018137 0.6644592 0.8602116 0.8143562 0.6018137 0.8143562 0.8602116 0.8143562 0.6018137 0.6644592 0.8602117 0.6644594 0.6018137 0.8143562 0.8602116 0.9632498 0.6018137 0.9632497 0.8602116 0.9632498 0.6018137 0.8143562 0.8602116 0.8143562 0.6018137 0.9632497 0.8602116 0.814368 0.6018137 0.8143679 0.8602116 0.814368 0.6018137 0.9632497 0.8602116 0.9632498 0.6018137 0.8143679 0.8602117 0.6649603 0.6018137 0.6649602 0.8602117 0.6649603 0.6018137 0.8143679 0.8602116 0.814368 0.8602116 0.8144225 0.9416631 0.7384125 0.8602116 0.9637461 0.8602116 0.9637461 0.9416631 0.7384125 0.8602117 0.6644594 0.8602117 0.6644594 0.9416631 0.7384125 0.8602116 0.8143562 0.8602116 0.8143562 0.9416631 0.7384125 0.8602116 0.9632498 0.8602116 0.9632498 0.9416631 0.7384125 0.8602116 0.814368 0.8602116 0.814368 0.9416631 0.7384125 0.8602117 0.6649603 0.8921467 0.7641117 0.7388807 0.7546419 0.8136342 0.6304816 0.8153181 0.8965263 0.7388807 0.7546419 0.8921467 0.7641117 0.6599773 0.8953111 0.7388807 0.7546419 0.8153181 0.8965263 0.5814649 0.761681 0.7388807 0.7546419 0.6599773 0.8953111 0.6582936 0.6292663 0.7388807 0.7546419 0.5814649 0.761681 0.8136342 0.6304816 0.7388807 0.7546419 0.6582936 0.6292663 0.977783 0.9569772 0.823462 0.6236439 0.823462 0.9569772 0.823462 0.6236439 0.977783 0.9569772 0.977783 0.6236439 0.823462 0.9569772 0.6691411 0.6236439 0.6691411 0.9569772 0.6691411 0.6236439 0.823462 0.9569772 0.823462 0.6236439 0.6691411 0.9569772 0.5151664 0.6236439 0.5151664 0.9569772 0.5151664 0.6236439 0.6691411 0.9569772 0.6691411 0.6236439 0.5151664 0.9569772 0.6694875 0.6236439 0.6694875 0.9569772 0.6694875 0.6236439 0.5151664 0.9569772 0.5151664 0.6236439 0.6694875 0.9569772 0.8238084 0.6236439 0.8238084 0.9569772 0.8238084 0.6236439 0.6694875 0.9569772 0.6694875 0.6236439 0.8238084 0.9569772 0.977783 0.6236439 0.977783 0.9569772 0.977783 0.6236439 0.8238084 0.9569772 0.8238084 0.6236439 0.8311565 0.6096384 0.7305808 0.7876595 0.9318158 0.7809633 0.9318158 0.7809633 0.7305808 0.7876595 0.8333151 0.9507299 0.8333151 0.9507299 0.7305808 0.7876595 0.6341552 0.9491718 0.6341552 0.9491718 0.7305808 0.7876595 0.5334958 0.7778469 0.5334958 0.7778469 0.7305808 0.7876595 0.6319965 0.6080803 0.6319965 0.6080803 0.7305808 0.7876595 0.8311565 0.6096384 0.8921467 0.7641117 0.7388807 0.7546419 0.8136342 0.6304816 0.8153181 0.8965263 0.7388807 0.7546419 0.8921467 0.7641117 0.6599773 0.8953111 0.7388807 0.7546419 0.8153181 0.8965263 0.5814649 0.761681 0.7388807 0.7546419 0.6599773 0.8953111 0.6582936 0.6292663 0.7388807 0.7546419 0.5814649 0.761681 0.8136342 0.6304816 0.7388807 0.7546419 0.6582936 0.6292663 0.977783 0.9569772 0.823462 0.6236439 0.823462 0.9569772 0.823462 0.6236439 0.977783 0.9569772 0.977783 0.6236439 0.823462 0.9569772 0.6691411 0.6236439 0.6691411 0.9569772 0.6691411 0.6236439 0.823462 0.9569772 0.823462 0.6236439 0.6691411 0.9569772 0.5151664 0.6236439 0.5151664 0.9569772 0.5151664 0.6236439 0.6691411 0.9569772 0.6691411 0.6236439 0.5151664 0.9569772 0.6694875 0.6236439 0.6694875 0.9569772 0.6694875 0.6236439 0.5151664 0.9569772 0.5151664 0.6236439 0.6694875 0.9569772 0.8238084 0.6236439 0.8238084 0.9569772 0.8238084 0.6236439 0.6694875 0.9569772 0.6694875 0.6236439 0.8238084 0.9569772 0.977783 0.6236439 0.977783 0.9569772 0.977783 0.6236439 0.8238084 0.9569772 0.8238084 0.6236439 0.8311565 0.6096384 0.7305808 0.7876595 0.9318158 0.7809633 0.9318158 0.7809633 0.7305808 0.7876595 0.8333151 0.9507299 0.8333151 0.9507299 0.7305808 0.7876595 0.6341552 0.9491718 0.6341552 0.9491718 0.7305808 0.7876595 0.5334958 0.7778469 0.5334958 0.7778469 0.7305808 0.7876595 0.6319965 0.6080803 0.6319965 0.6080803 0.7305808 0.7876595 0.8311565 0.6096384 1.161882 0 0.2129924 0.09829473 0.2129932 0 0.2129924 0.09829473 1.161882 0 1.161881 0.09829521 1.161881 0.09829521 0.2129907 0 0.2129924 0.09829473 0.2129907 0 1.161881 0.09829521 1.16188 0.09922003 1.16188 0.09922003 0.2129894 0.150977 0.2129907 0 0.2129894 0.150977 1.16188 0.09922003 1.161878 0.1509766 0.2129932 0 0.01632571 0.09829455 0.01632654 0 0.01632571 0.09829455 0.2129932 0 0.2129924 0.09829473 0.2129907 0 0.01632571 0.09829455 0.2129924 0.09829473 0.01632571 0.09829455 0.2129907 0 0.01632398 0 0.2129894 0.150977 0.01632398 0 0.2129907 0 0.01632398 0 0.2129894 0.150977 0.01632273 0.1509772 1.000002 1.79e-6 -1.85e-6 0.150765 1.79e-6 -1.79e-6 -1.85e-6 0.150765 1.000002 1.79e-6 0.9999982 0.1507686 0.9996598 0 0.6578342 0.0795896 0.657835 0 0.6578342 0.0795896 0.9996598 0 0.9996591 0.07959002 0.9996591 0.07959002 0.6578333 0.1500121 0.6578342 0.0795896 0.6578333 0.1500121 0.9996591 0.07959002 0.9996582 0.1500125 0.9996582 0.1500125 0.657832 0.07893657 0.6578333 0.1500121 0.657832 0.07893657 0.9996582 0.1500125 0.999657 0.07893657 1.161879 0.04870939 0.2129889 0.0970602 0.2129902 0.04870939 0.2129889 0.0970602 1.161879 0.04870939 1.161878 0.09705978 1.161882 0 0.2129924 0.09829473 0.2129932 0 0.2129924 0.09829473 1.161882 0 1.161881 0.09829521 1.000002 1.79e-6 -1.85e-6 0.150765 1.79e-6 -1.79e-6 -1.85e-6 0.150765 1.000002 1.79e-6 0.9999982 0.1507686 1.16188 0.09922003 0.2129902 0.04870939 0.2129915 0.09922045 0.2129902 0.04870939 1.16188 0.09922003 1.161879 0.04870939 0.2129902 0.04870939 0.01632225 0.09706044 0.01632356 0.04870939 0.01632225 0.09706044 0.2129902 0.04870939 0.2129889 0.0970602 0.2129932 0 0.01632571 0.09829455 0.01632654 0 0.01632571 0.09829455 0.2129932 0 0.2129924 0.09829473 0.2129915 0.09922045 0.01632571 0.09829455 0.2129924 0.09829473 0.01632571 0.09829455 0.2129915 0.09922045 0.01632481 0.09922063 0.2129902 0.04870939 0.01632481 0.09922063 0.2129915 0.09922045 0.01632481 0.09922063 0.2129902 0.04870939 0.01632356 0.04870939 1.161879 0.04870939 0.2129889 0.0970602 0.2129902 0.04870939 0.2129889 0.0970602 1.161879 0.04870939 1.161878 0.09705978 1.161882 0 0.2129924 0.09829473 0.2129932 0 0.2129924 0.09829473 1.161882 0 1.161881 0.09829521 1.000002 1.79e-6 -1.85e-6 0.150765 1.79e-6 -1.79e-6 -1.85e-6 0.150765 1.000002 1.79e-6 0.9999982 0.1507686 1.16188 0.09922003 0.2129902 0.04870939 0.2129915 0.09922045 0.2129902 0.04870939 1.16188 0.09922003 1.161879 0.04870939 0.2129902 0.04870939 0.01632225 0.09706044 0.01632356 0.04870939 0.01632225 0.09706044 0.2129902 0.04870939 0.2129889 0.0970602 0.2129932 0 0.01632571 0.09829455 0.01632654 0 0.01632571 0.09829455 0.2129932 0 0.2129924 0.09829473 0.2129915 0.09922045 0.01632571 0.09829455 0.2129924 0.09829473 0.01632571 0.09829455 0.2129915 0.09922045 0.01632481 0.09922063 0.2129902 0.04870939 0.01632481 0.09922063 0.2129915 0.09922045 0.01632481 0.09922063 0.2129902 0.04870939 0.01632356 0.04870939 0.728084 0.8779348 0.6926373 0.9740245 0.9076878 0.8779348 0.5484803 0.8779348 0.6926373 0.9740245 0.728084 0.8779348 0.7284299 0.8779348 0.6926373 0.9740245 0.5484803 0.8779348 0.9080337 0.8779348 0.6926373 0.9740245 0.7284299 0.8779348 0.7312791 0.8779348 0.6926373 0.9740245 0.9080337 0.8779348 0.5516751 0.8779348 0.6926373 0.9740245 0.7312791 0.8779348 0.9076878 0.8779348 0.728084 0.6907147 0.728084 0.8779348 0.728084 0.6907147 0.9076878 0.8779348 0.9076878 0.6907147 0.728084 0.8779348 0.5484803 0.6907147 0.5484803 0.8779348 0.5484803 0.6907147 0.728084 0.8779348 0.728084 0.6907147 0.5484803 0.8779348 0.7284299 0.6907147 0.7284299 0.8779348 0.7284299 0.6907147 0.5484803 0.8779348 0.5484803 0.6907147 0.7284299 0.8779348 0.9080337 0.6907147 0.9080337 0.8779348 0.9080337 0.6907147 0.7284299 0.8779348 0.7284299 0.6907147 0.9080337 0.8779348 0.7312791 0.6907147 0.7312791 0.8779348 0.7312791 0.6907147 0.9080337 0.8779348 0.9080337 0.6907147 0.7312791 0.8779348 0.5516751 0.6907147 0.5516751 0.8779348 0.5516751 0.6907147 0.7312791 0.8779348 0.7312791 0.6907147 0.9076878 0.6907147 0.692498 0.594625 0.728084 0.6907147 0.728084 0.6907147 0.692498 0.594625 0.5484803 0.6907147 0.5484803 0.6907147 0.692498 0.594625 0.7284299 0.6907147 0.7284299 0.6907147 0.692498 0.594625 0.9080337 0.6907147 0.9080337 0.6907147 0.692498 0.594625 0.7312791 0.6907147 0.7312791 0.6907147 0.692498 0.594625 0.5516751 0.6907147 0.6074253 0.9219927 0.5259739 0.6968085 0.6074253 0.772669 0.6074253 0.6227058 0.5259739 0.6968085 0.6074253 0.9219927 0.6074253 0.7726027 0.5259739 0.6968085 0.6074253 0.6227058 0.6074253 0.9214962 0.5259739 0.6968085 0.6074253 0.7726027 0.6074253 0.7726145 0.5259739 0.6968085 0.6074253 0.9214962 0.6074253 0.6232067 0.5259739 0.6968085 0.6074253 0.7726145 0.6074253 0.772669 0.8658233 0.9219927 0.6074253 0.9219927 0.8658233 0.9219927 0.6074253 0.772669 0.8658233 0.772669 0.6074253 0.9219927 0.8658233 0.6227058 0.6074253 0.6227058 0.8658233 0.6227058 0.6074253 0.9219927 0.8658233 0.9219927 0.6074253 0.6227058 0.8658233 0.7726028 0.6074253 0.7726027 0.8658233 0.7726028 0.6074253 0.6227058 0.8658233 0.6227058 0.6074253 0.7726027 0.8658233 0.9214962 0.6074253 0.9214962 0.8658233 0.9214962 0.6074253 0.7726027 0.8658233 0.7726028 0.6074253 0.9214962 0.8658233 0.7726145 0.6074253 0.7726145 0.8658233 0.7726145 0.6074253 0.9214962 0.8658233 0.9214962 0.6074253 0.7726145 0.8658233 0.6232067 0.6074253 0.6232067 0.8658233 0.6232067 0.6074253 0.7726145 0.8658233 0.7726145 0.8658233 0.772669 0.9472748 0.696659 0.8658233 0.9219927 0.8658233 0.9219927 0.9472748 0.696659 0.8658233 0.6227058 0.8658233 0.6227058 0.9472748 0.696659 0.8658233 0.7726028 0.8658233 0.7726028 0.9472748 0.696659 0.8658233 0.9214962 0.8658233 0.9214962 0.9472748 0.696659 0.8658233 0.7726145 0.8658233 0.7726145 0.9472748 0.696659 0.8658233 0.6232067 0.736311 0.8483784 0.6267701 0.9708889 0.9539881 0.8483784 0.5183809 0.8483784 0.6267701 0.9708889 0.736311 0.8483784 0.73639 0.8483784 0.6267701 0.9708889 0.5183809 0.8483784 0.9547234 0.8483784 0.6267701 0.9708889 0.73639 0.8483784 0.736469 0.8483784 0.6267701 0.9708889 0.9547234 0.8483784 0.5184675 0.8483784 0.6267701 0.9708889 0.736469 0.8483784 0.9539881 0.8483784 0.736311 0.7202711 0.736311 0.8483784 0.736311 0.7202711 0.9539881 0.8483784 0.9539881 0.7202711 0.736311 0.8483784 0.5183809 0.7202711 0.5183809 0.8483784 0.5183809 0.7202711 0.736311 0.8483784 0.736311 0.7202711 0.5183809 0.8483784 0.73639 0.7202711 0.73639 0.8483784 0.73639 0.7202711 0.5183809 0.8483784 0.5183809 0.7202711 0.73639 0.8483784 0.9547234 0.7202711 0.9547234 0.8483784 0.9547234 0.7202711 0.73639 0.8483784 0.73639 0.7202711 0.9547234 0.8483784 0.736469 0.7202711 0.736469 0.8483784 0.736469 0.7202711 0.9547234 0.8483784 0.9547234 0.7202711 0.736469 0.8483784 0.5184675 0.7202711 0.5184675 0.8483784 0.5184675 0.7202711 0.736469 0.8483784 0.736469 0.7202711 0.9539881 0.7202711 0.6265158 0.5977606 0.736311 0.7202711 0.736311 0.7202711 0.6265158 0.5977606 0.5183809 0.7202711 0.5183809 0.7202711 0.6265158 0.5977606 0.73639 0.7202711 0.73639 0.7202711 0.6265158 0.5977606 0.9547234 0.7202711 0.9547234 0.7202711 0.627648 0.5977606 0.736469 0.7202711 0.736469 0.7202711 0.627648 0.5977606 0.5184675 0.7202711 1.230928 0 0.1417058 0.1089342 0.141707 0 0.1417058 0.1089342 1.230928 0 1.230927 0.1089348 1.230927 0.1089348 0.1417033 0 0.1417058 0.1089342 0.1417033 0 1.230927 0.1089348 1.230925 0 1.230925 0 0.1417015 0.1541233 0.1417033 0 0.1417015 0.1541233 1.230925 0 1.230922 0.1541227 0.141707 0 -0.1414941 0.108934 -0.1414929 0 -0.1414941 0.108934 0.141707 0 0.1417058 0.1089342 0.1417033 0 -0.1414941 0.108934 0.1417058 0.1089342 -0.1414941 0.108934 0.1417033 0 -0.1414966 0 0.1417015 0.1541233 -0.1414966 0 0.1417033 0 -0.1414966 0 0.1417015 0.1541233 -0.1414985 0.1541236 1.274503 0.0675261 0.7822729 0.07835423 0.7822749 0.0675261 0.7822729 0.07835423 1.274503 0.0675261 1.274501 0.07835376 1.274507 0 0.782278 0.0795896 0.7822791 0 0.782278 0.0795896 1.274507 0 1.274506 0.07959002 1.274506 0.07959002 0.7822767 0.1548755 0.782278 0.0795896 0.7822767 0.1548755 1.274506 0.07959002 1.274505 0.1548759 1.274505 0.1548759 0.7822749 0.0675261 0.7822767 0.1548755 0.7822749 0.0675261 1.274505 0.1548759 1.274503 0.0675261 1.230924 0.05779671 0.1417009 0.1072923 0.1417027 0.05779671 0.1417009 0.1072923 1.230924 0.05779671 1.230922 0.1072918 1.230928 0 0.1417058 0.1089342 0.141707 0 0.1417058 0.1089342 1.230928 0 1.230927 0.1089348 1.230927 0.1089348 0.1417046 0.100098 0.1417058 0.1089342 0.1417046 0.100098 1.230927 0.1089348 1.230925 0.1000974 1.230925 0.1000974 0.1417027 0.05779671 0.1417046 0.100098 0.1417027 0.05779671 1.230925 0.1000974 1.230924 0.05779671 0.1417027 0.05779671 -0.1414991 0.1072926 -0.1414972 0.05779671 -0.1414991 0.1072926 0.1417027 0.05779671 0.1417009 0.1072923 0.141707 0 -0.1414941 0.108934 -0.1414929 0 -0.1414941 0.108934 0.141707 0 0.1417058 0.1089342 0.1417046 0.100098 -0.1414941 0.108934 0.1417058 0.1089342 -0.1414941 0.108934 0.1417046 0.100098 -0.1414954 0.1000983 0.1417027 0.05779671 -0.1414954 0.1000983 0.1417046 0.100098 -0.1414954 0.1000983 0.1417027 0.05779671 -0.1414972 0.05779671 1.230924 0.05779671 0.1417009 0.1072923 0.1417027 0.05779671 0.1417009 0.1072923 1.230924 0.05779671 1.230922 0.1072918 1.230928 0 0.1417058 0.1089342 0.141707 0 0.1417058 0.1089342 1.230928 0 1.230927 0.1089348 1.230927 0.1089348 0.1417046 0.100098 0.1417058 0.1089342 0.1417046 0.100098 1.230927 0.1089348 1.230925 0.1000974 1.230925 0.1000974 0.1417027 0.05779671 0.1417046 0.100098 0.1417027 0.05779671 1.230925 0.1000974 1.230924 0.05779671 0.1417027 0.05779671 -0.1414991 0.1072926 -0.1414972 0.05779671 -0.1414991 0.1072926 0.1417027 0.05779671 0.1417009 0.1072923 0.141707 0 -0.1414941 0.108934 -0.1414929 0 -0.1414941 0.108934 0.141707 0 0.1417058 0.1089342 0.1417046 0.100098 -0.1414941 0.108934 0.1417058 0.1089342 -0.1414941 0.108934 0.1417046 0.100098 -0.1414954 0.1000983 0.1417027 0.05779671 -0.1414954 0.1000983 0.1417046 0.100098 -0.1414954 0.1000983 0.1417027 0.05779671 -0.1414972 0.05779671 0.6074253 0.9520551 0.5259739 0.726871 0.6074253 0.8027315 0.6074253 0.6527683 0.5259739 0.726871 0.6074253 0.9520551 0.6074253 0.8026652 0.5259739 0.726871 0.6074253 0.6527683 0.6074253 0.9515587 0.5259739 0.726871 0.6074253 0.8026652 0.6074253 0.802677 0.5259739 0.726871 0.6074253 0.9515587 0.6074253 0.6532692 0.5259739 0.726871 0.6074253 0.802677 0.6074253 0.8027315 0.8658233 0.9520552 0.6074253 0.9520551 0.8658233 0.9520552 0.6074253 0.8027315 0.8658233 0.8027315 0.6074253 0.9520551 0.8658233 0.6527684 0.6074253 0.6527683 0.8658233 0.6527684 0.6074253 0.9520551 0.8658233 0.9520552 0.6074253 0.6527683 0.8658233 0.8026653 0.6074253 0.8026652 0.8658233 0.8026653 0.6074253 0.6527683 0.8658233 0.6527684 0.6074253 0.8026652 0.8658233 0.9515588 0.6074253 0.9515587 0.8658233 0.9515588 0.6074253 0.8026652 0.8658233 0.8026653 0.6074253 0.9515587 0.8658233 0.802677 0.6074253 0.802677 0.8658233 0.802677 0.6074253 0.9515587 0.8658233 0.9515588 0.6074253 0.802677 0.8658233 0.6532693 0.6074253 0.6532692 0.8658233 0.6532693 0.6074253 0.802677 0.8658233 0.802677 0.8658233 0.8027315 0.9472748 0.7267215 0.8658233 0.9520552 0.8658233 0.9520552 0.9472748 0.7267215 0.8658233 0.6527684 0.8658233 0.6527684 0.9472748 0.7267215 0.8658233 0.8026653 0.8658233 0.8026653 0.9472748 0.7267215 0.8658233 0.9515588 0.8658233 0.9515588 0.9472748 0.7267215 0.8658233 0.802677 0.8658233 0.802677 0.9472748 0.7267215 0.8658233 0.6532693 0.1417015 0.1541233 0.1417058 0.1089342 0.1417033 0 0.1417015 0.1541233 0.1417058 0.1089342 0.1417033 0 0.01632273 0.1509772 0.01632571 0.09829455 0.01632398 0 0.01632356 0.04870939 0.01632571 0.09829455 0.01632481 0.09922063 0.01632571 0.09829455 0.01632356 0.04870939 0.01632225 0.09706044 0.01632481 0.09922063 0.01632225 0.09706044 0.01632571 0.09829455 0.01632225 0.09706044 0.01632481 0.09922063 0.01632356 0.04870939 -0.1414985 0.1541236 -0.1414941 0.108934 -0.1414966 0 -0.1414972 0.05779671 -0.1414941 0.108934 -0.1414954 0.1000983 -0.1414941 0.108934 -0.1414972 0.05779671 -0.1414991 0.1072926 -0.1414972 0.05779671 -0.1414941 0.108934 -0.1414954 0.1000983 -0.1414941 0.108934 -0.1414972 0.05779671 -0.1414991 0.1072926</float_array>
          <technique_common>
            <accessor source="#birch_A_impassable-mesh-map-0-array" count="1116" stride="2">
              <param name="S" type="float"/>
              <param name="T" type="float"/>
            </accessor>
          </technique_common>
        </source>
        <vertices id="birch_A_impassable-mesh-vertices">
          <input semantic="POSITION" source="#birch_A_impassable-mesh-positions"/>
        </vertices>
        <triangles material="tree_a_tga_001-material" count="372">
          <input semantic="VERTEX" source="#birch_A_impassable-mesh-vertices" offset="0"/>
          <input semantic="NORMAL" source="#birch_A_impassable-mesh-normals" offset="1"/>
          <input semantic="TEXCOORD" source="#birch_A_impassable-mesh-map-0" offset="2" set="0"/>
          <p>11 0 0 46 1 1 211 2 2 46 1 3 11 0 4 216 3 5 216 3 6 74 4 7 46 1 8 74 4 9 216 3 10 228 5 11 228 5 12 211 2 13 74 4 14 211 2 15 228 5 16 11 0 17 215 6 18 250 7 19 34 8 20 250 7 21 215 6 22 85 9 23 85 9 24 121 10 25 250 7 26 121 10 27 85 9 28 236 11 29 236 11 30 34 8 31 121 10 32 34 8 33 236 11 34 215 6 35 48 12 36 14 13 37 130 14 38 14 13 39 48 12 40 75 15 41 83 16 42 178 17 43 154 18 44 178 17 45 83 16 46 188 19 47 48 12 48 229 20 49 117 21 50 229 20 51 48 12 52 130 14 53 117 21 54 202 22 55 153 23 56 202 22 57 117 21 58 229 20 59 153 23 60 188 19 61 83 16 62 188 19 63 153 23 64 202 22 65 130 14 66 206 24 67 229 20 68 206 24 69 130 14 70 14 13 71 229 20 72 249 25 73 202 22 74 249 25 75 229 20 76 206 24 77 202 22 78 178 17 79 188 19 80 178 17 81 202 22 82 249 25 83 14 13 84 39 26 85 206 24 86 39 26 87 14 13 88 75 15 89 206 24 90 214 27 91 249 25 92 214 27 93 206 24 94 39 26 95 249 25 96 154 18 97 178 17 98 154 18 99 249 25 100 214 27 101 75 15 102 117 21 103 39 26 104 117 21 105 75 15 106 48 12 107 39 26 108 153 23 109 214 27 110 153 23 111 39 26 112 117 21 113 214 27 114 83 16 115 154 18 116 83 16 117 214 27 118 153 23 119 198 28 120 28 29 121 100 30 122 200 31 123 28 29 124 198 28 125 152 32 126 28 29 127 200 31 128 60 33 129 28 29 130 152 32 131 21 34 132 28 29 133 60 33 134 100 30 135 28 29 136 21 34 137 100 30 138 186 35 139 198 28 140 186 35 141 100 30 142 197 36 143 198 28 144 51 37 145 200 31 146 51 37 147 198 28 148 186 35 149 200 31 150 201 38 151 152 32 152 201 38 153 200 31 154 51 37 155 152 32 156 65 39 157 60 33 158 65 39 159 152 32 160 201 38 161 60 33 162 182 40 163 21 34 164 182 40 165 60 33 166 65 39 167 21 34 168 197 36 169 100 30 170 197 36 171 21 34 172 182 40 173 197 36 174 80 41 175 186 35 176 186 35 177 80 41 178 51 37 179 51 37 180 80 41 181 201 38 182 201 38 183 80 41 184 65 39 185 65 39 186 80 41 187 182 40 188 182 40 189 80 41 190 197 36 191 187 42 192 44 43 193 119 44 194 168 45 195 44 43 196 187 42 197 145 46 198 44 43 199 168 45 200 0 47 201 44 43 202 145 46 203 38 48 204 44 43 205 0 47 206 119 44 207 44 43 208 38 48 209 119 44 210 241 49 211 187 42 212 241 49 213 119 44 214 47 50 215 187 42 216 5 51 217 168 45 218 5 51 219 187 42 220 241 49 221 168 45 222 137 52 223 145 46 224 137 52 225 168 45 226 5 51 227 145 46 228 103 53 229 0 47 230 103 53 231 145 46 232 137 52 233 0 47 234 91 54 235 38 48 236 91 54 237 0 47 238 103 53 239 38 48 240 47 50 241 119 44 242 47 50 243 38 48 244 91 54 245 47 50 246 235 55 247 241 49 248 241 49 249 235 55 250 5 51 251 5 51 252 235 55 253 137 52 254 137 52 255 235 55 256 103 53 257 103 53 258 235 55 259 91 54 260 91 54 261 235 55 262 47 50 263 30 56 264 13 57 265 63 58 266 161 59 267 13 57 268 30 56 269 118 60 270 13 57 271 161 59 272 167 61 273 13 57 274 118 60 275 26 62 276 13 57 277 167 61 278 63 58 279 13 57 280 26 62 281 63 58 282 55 63 283 30 56 284 55 63 285 63 58 286 86 64 287 30 56 288 151 65 289 161 59 290 151 65 291 30 56 292 55 63 293 161 59 294 242 66 295 118 60 296 242 66 297 161 59 298 151 65 299 118 60 300 57 67 301 167 61 302 57 67 303 118 60 304 242 66 305 167 61 306 232 68 307 26 62 308 232 68 309 167 61 310 57 67 311 26 62 312 86 64 313 63 58 314 86 64 315 26 62 316 232 68 317 86 64 318 66 69 319 55 63 320 55 63 321 66 69 322 151 65 323 151 65 324 66 69 325 242 66 326 242 66 327 66 69 328 57 67 329 57 67 330 66 69 331 232 68 332 232 68 333 66 69 334 86 64 335 8 70 336 221 71 337 209 72 338 72 73 339 221 71 340 8 70 341 177 74 342 221 71 343 72 73 344 93 75 345 221 71 346 177 74 347 114 76 348 221 71 349 93 75 350 209 72 351 221 71 352 114 76 353 209 72 354 12 77 355 8 70 356 12 77 357 209 72 358 95 78 359 8 70 360 157 79 361 72 73 362 157 79 363 8 70 364 12 77 365 72 73 366 92 80 367 177 74 368 92 80 369 72 73 370 157 79 371 177 74 372 15 81 373 93 75 374 15 81 375 177 74 376 92 80 377 93 75 378 138 82 379 114 76 380 138 82 381 93 75 382 15 81 383 114 76 384 95 78 385 209 72 386 95 78 387 114 76 388 138 82 389 95 78 390 142 83 391 12 77 392 12 77 393 142 83 394 157 79 395 157 79 396 142 83 397 92 80 398 92 80 399 142 83 400 15 81 401 15 81 402 142 83 403 138 82 404 138 82 405 142 83 406 95 78 407 136 84 408 155 85 409 179 86 410 199 87 411 155 85 412 136 84 413 6 88 414 155 85 415 199 87 416 2 89 417 155 85 418 6 88 419 174 90 420 155 85 421 2 89 422 179 86 423 155 85 424 174 90 425 179 86 426 90 91 427 136 84 428 90 91 429 179 86 430 220 92 431 136 84 432 164 93 433 199 87 434 164 93 435 136 84 436 90 91 437 199 87 438 132 94 439 6 88 440 132 94 441 199 87 442 164 93 443 6 88 444 96 95 445 2 89 446 96 95 447 6 88 448 132 94 449 2 89 450 147 96 451 174 90 452 147 96 453 2 89 454 96 95 455 174 90 456 220 92 457 179 86 458 220 92 459 174 90 460 147 96 461 220 92 462 31 97 463 90 91 464 90 91 465 31 97 466 164 93 467 164 93 468 31 97 469 132 94 470 132 94 471 31 97 472 96 95 473 96 95 474 31 97 475 147 96 476 147 96 477 31 97 478 220 92 479 254 98 480 166 99 481 181 100 482 166 99 483 254 98 484 29 101 485 29 101 486 172 102 487 166 99 488 172 102 489 29 101 490 184 103 491 184 103 492 181 100 493 172 102 494 181 100 495 184 103 496 254 98 497 181 100 498 124 104 499 102 105 500 124 104 501 181 100 502 166 99 503 172 102 504 124 104 505 166 99 506 124 104 507 172 102 508 53 106 509 181 100 510 53 106 511 172 102 512 53 106 513 181 100 514 102 105 515 120 107 516 81 108 517 196 109 518 81 108 519 120 107 520 231 110 521 231 110 522 84 111 523 81 108 524 84 111 525 231 110 526 109 112 527 109 112 528 149 113 529 84 111 530 149 113 531 109 112 532 105 114 533 105 114 534 196 109 535 149 113 536 196 109 537 105 114 538 120 107 539 196 109 540 243 115 541 148 116 542 243 115 543 196 109 544 81 108 545 81 108 546 158 117 547 243 115 548 158 117 549 81 108 550 84 111 551 84 111 552 97 118 553 158 117 554 97 118 555 84 111 556 149 113 557 149 113 558 148 116 559 97 118 560 148 116 561 149 113 562 196 109 563 148 116 564 222 119 565 9 120 566 222 119 567 148 116 568 243 115 569 243 115 570 247 121 571 222 119 572 247 121 573 243 115 574 158 117 575 97 118 576 247 121 577 158 117 578 247 121 579 97 118 580 159 122 581 148 116 582 159 122 583 97 118 584 159 122 585 148 116 586 9 120 587 252 123 588 126 124 589 61 125 590 126 124 591 252 123 592 1 126 593 1 126 594 244 127 595 126 124 596 244 127 597 1 126 598 4 128 599 4 128 600 49 129 601 244 127 602 49 129 603 4 128 604 171 130 605 171 130 606 61 125 607 49 129 608 61 125 609 171 130 610 252 123 611 61 125 612 135 131 613 219 132 614 135 131 615 61 125 616 126 124 617 126 124 618 22 133 619 135 131 620 22 133 621 126 124 622 244 127 623 49 129 624 22 133 625 244 127 626 22 133 627 49 129 628 113 134 629 61 125 630 113 134 631 49 129 632 113 134 633 61 125 634 219 132 635 227 135 636 127 136 637 64 137 638 245 138 639 127 136 640 227 135 641 239 139 642 127 136 643 245 138 644 128 140 645 127 136 646 239 139 647 125 141 648 127 136 649 128 140 650 64 137 651 127 136 652 125 141 653 64 137 654 185 142 655 227 135 656 185 142 657 64 137 658 253 143 659 227 135 660 255 144 661 245 138 662 255 144 663 227 135 664 185 142 665 245 138 666 52 145 667 239 139 668 52 145 669 245 138 670 255 144 671 239 139 672 3 146 673 128 140 674 3 146 675 239 139 676 52 145 677 128 140 678 248 147 679 125 141 680 248 147 681 128 140 682 3 146 683 125 141 684 253 143 685 64 137 686 253 143 687 125 141 688 248 147 689 253 143 690 68 148 691 185 142 692 185 142 693 68 148 694 255 144 695 255 144 696 68 148 697 52 145 698 52 145 699 68 148 700 3 146 701 3 146 702 68 148 703 248 147 704 248 147 705 68 148 706 253 143 707 19 149 708 238 150 709 37 151 710 170 152 711 238 150 712 19 149 713 194 153 714 238 150 715 170 152 716 17 154 717 238 150 718 194 153 719 71 155 720 238 150 721 17 154 722 37 151 723 238 150 724 71 155 725 37 151 726 169 156 727 19 149 728 169 156 729 37 151 730 108 157 731 19 149 732 189 158 733 170 152 734 189 158 735 19 149 736 169 156 737 170 152 738 98 159 739 194 153 740 98 159 741 170 152 742 189 158 743 194 153 744 144 160 745 17 154 746 144 160 747 194 153 748 98 159 749 17 154 750 59 161 751 71 155 752 59 161 753 17 154 754 144 160 755 71 155 756 108 157 757 37 151 758 108 157 759 71 155 760 59 161 761 108 157 762 205 162 763 169 156 764 169 156 765 205 162 766 189 158 767 189 158 768 205 162 769 98 159 770 98 159 771 205 162 772 144 160 773 144 160 774 205 162 775 59 161 776 59 161 777 205 162 778 108 157 779 226 163 780 203 164 781 150 165 782 18 166 783 203 164 784 226 163 785 78 167 786 203 164 787 18 166 788 115 168 789 203 164 790 78 167 791 217 169 792 203 164 793 115 168 794 150 165 795 203 164 796 217 169 797 150 165 798 131 170 799 226 163 800 131 170 801 150 165 802 99 171 803 226 163 804 107 172 805 18 166 806 107 172 807 226 163 808 131 170 809 18 166 810 110 173 811 78 167 812 110 173 813 18 166 814 107 172 815 78 167 816 163 174 817 115 168 818 163 174 819 78 167 820 110 173 821 115 168 822 165 175 823 217 169 824 165 175 825 115 168 826 163 174 827 217 169 828 99 171 829 150 165 830 99 171 831 217 169 832 165 175 833 99 171 834 156 176 835 131 170 836 131 170 837 156 176 838 107 172 839 107 172 840 156 176 841 110 173 842 110 173 843 156 176 844 163 174 845 163 174 846 156 176 847 165 175 848 165 175 849 156 176 850 99 171 851 213 177 852 50 178 853 176 179 854 50 178 855 213 177 856 62 180 857 62 180 858 43 181 859 50 178 860 43 181 861 62 180 862 7 182 863 7 182 864 176 179 865 43 181 866 176 179 867 7 182 868 213 177 869 176 179 870 88 183 871 225 184 872 88 183 873 176 179 874 50 178 875 43 181 876 88 183 877 50 178 878 88 183 879 43 181 880 77 185 881 176 179 882 77 185 883 43 181 884 77 185 885 176 179 886 225 184 887 67 186 888 58 187 889 195 188 890 58 187 891 67 186 892 240 189 893 240 189 894 82 190 895 58 187 896 82 190 897 240 189 898 106 191 899 106 191 900 111 192 901 82 190 902 111 192 903 106 191 904 16 193 905 16 193 906 195 188 907 111 192 908 195 188 909 16 193 910 67 186 911 195 188 912 116 194 913 27 195 914 116 194 915 195 188 916 58 187 917 58 187 918 32 196 919 116 194 920 32 196 921 58 187 922 82 190 923 82 190 924 24 197 925 32 196 926 24 197 927 82 190 928 111 192 929 111 192 930 27 195 931 24 197 932 27 195 933 111 192 934 195 188 935 27 195 936 36 198 937 41 199 938 36 198 939 27 195 940 116 194 941 116 194 942 233 200 943 36 198 944 233 200 945 116 194 946 32 196 947 24 197 948 233 200 949 32 196 950 233 200 951 24 197 952 70 201 953 27 195 954 70 201 955 24 197 956 70 201 957 27 195 958 41 199 959 180 202 960 79 203 961 56 204 962 79 203 963 180 202 964 146 205 965 146 205 966 89 206 967 79 203 968 89 206 969 146 205 970 175 207 971 175 207 972 230 208 973 89 206 974 230 208 975 175 207 976 25 209 977 25 209 978 56 204 979 230 208 980 56 204 981 25 209 982 180 202 983 56 204 984 192 210 985 208 211 986 192 210 987 56 204 988 79 203 989 79 203 990 190 212 991 192 210 992 190 212 993 79 203 994 89 206 995 230 208 996 190 212 997 89 206 998 190 212 999 230 208 1000 141 213 1001 56 204 1002 141 213 1003 230 208 1004 141 213 1005 56 204 1006 208 211 1007 237 214 1008 20 215 1009 129 216 1010 143 217 1011 20 215 1012 237 214 1013 94 218 1014 20 215 1015 143 217 1016 133 219 1017 20 215 1018 94 218 1019 139 220 1020 20 215 1021 133 219 1022 129 216 1023 20 215 1024 139 220 1025 129 216 1026 183 221 1027 237 214 1028 183 221 1029 129 216 1030 204 222 1031 237 214 1032 40 223 1033 143 217 1034 40 223 1035 237 214 1036 183 221 1037 143 217 1038 162 224 1039 94 218 1040 162 224 1041 143 217 1042 40 223 1043 94 218 1044 210 225 1045 133 219 1046 210 225 1047 94 218 1048 162 224 1049 133 219 1050 173 226 1051 139 220 1052 173 226 1053 133 219 1054 210 225 1055 139 220 1056 204 222 1057 129 216 1058 204 222 1059 139 220 1060 173 226 1061 204 222 1062 104 227 1063 183 221 1064 183 221 1065 104 227 1066 40 223 1067 40 223 1068 104 227 1069 162 224 1070 162 224 1071 104 227 1072 210 225 1073 210 225 1074 104 227 1075 173 226 1076 173 226 1077 104 227 1078 204 222 1079 212 228 1080 45 229 1081 73 230 1082 33 231 1083 251 232 1084 122 233 1085 101 234 1086 123 235 1087 54 236 1088 10 237 1089 246 238 1090 160 239 1091 246 240 1092 10 241 1093 223 242 1094 112 243 1095 134 244 1096 23 245 1097 134 246 1098 112 247 1099 218 248 1100 224 249 1101 87 250 1102 76 251 1103 42 252 1104 234 253 1105 69 254 1106 234 255 1107 42 256 1108 35 257 1109 207 258 1110 191 259 1111 140 260 1112 191 261 1113 207 262 1114 193 263 1115</p>
        </triangles>
      </mesh>
    </geometry>
    <geometry id="birch_A-mesh" name="birch_A">
      <mesh>
        <source id="birch_A-mesh-positions">
          <float_array id="birch_A-mesh-positions-array" count="768">-0.04897409 0.1638104 0.1066015 0.2117629 -0.03324437 0.3866982 -0.01348978 0.1476176 0.2401731 -0.08444184 -0.02167385 0.2857018 0.1441137 -0.01474952 0.1877976 -0.1119583 -0.2433802 0.2836151 0.1673127 -0.05947375 0.2256118 -0.1416528 -0.0964201 0.2762595 -0.0198307 -0.1897931 0.3679536 -0.01922708 0.1847286 0.3093136 -0.09556943 -0.0748105 0.008138895 -0.04854905 0.1693288 0.1018125 0.1216551 -0.02727574 0.1899302 -0.1581311 -0.1575138 0.2487442 0.1210872 -0.01385265 0.1148719 0.02214223 0.2055848 0.239193 0.02214223 0.2055848 0.239193 -0.05145889 -0.06869113 0.4121896 0.03806638 0.1323645 0.3363471 -0.0162366 0.1547369 0.2448453 -0.0322079 -0.155869 0.455604 -0.0322079 -0.155869 0.455604 -0.09345293 -0.0620746 0.3239099 0.1775151 -0.09832495 0.2262361 -0.001429438 0.2069993 0.1746161 0.1297371 -0.09201765 0.2179496 0.1297371 -0.09201765 0.2179496 -0.0971772 -0.1922898 0.2661036 0.172742 0.07239496 0.343785 0.1429311 -0.08626538 0.2560988 -0.007329702 0.1185136 0.2038654 0.01178187 0.1044607 0.3378226 0.08738559 0.01916134 -0.009855508 0.02247595 0.2015473 0.2412186 0.02247595 0.2015473 0.2412186 -0.1691978 -0.1002758 0.249837 0.222733 0.0214309 0.3301461 -0.04445636 -0.1897824 0.3036985 0.01908367 0.2055733 0.2406823 0.01908367 0.2055733 0.2406823 0.02960681 0.1797752 0.3021965 -0.04871612 0.1684621 0.105102 -0.1005559 -0.1057875 0.2713646 0.1423395 0.08763509 0.2495501 -0.05698335 -0.2174515 0.2824637 0.154338 -0.03821569 0.3137502 0.1744955 -0.03032648 0.288039 -0.07244658 -0.165023 0.2820554 -0.06108427 -0.1224057 0.3247656 -0.04856789 -0.1960866 0.4756017 0.1139546 -0.01937162 0.1222999 -0.02676111 0.1801465 0.2184879 -0.1226114 -0.1027375 0.210641 0.1228324 -0.01037657 0.1419922 0.1462357 0.1166115 0.1816284 0.09763354 0.03427141 0.2452072 0.1577551 -0.02654528 0.314178 0.1099747 0.05679148 0.1760869 0.1231072 -0.01310223 0.2589149 0.1486897 0.02263051 0.2257786 0.1486897 0.02263051 0.2257786 -0.1453416 -0.148844 0.221077 0.1494591 -0.1079719 0.1512681 -0.08979266 -0.2460007 0.318468 -0.008269786 0.1573441 0.242572 -0.01917058 0.1530172 0.1919912 -0.08446389 -0.09333127 0.1274085 -0.02698117 0.1480061 0.3465239 -0.04913353 0.1598668 0.09763181 -0.04913353 0.1598668 0.09763181 -0.09210318 -0.01791864 0.2780005 -0.06111347 0.1089509 0.2106568 -0.06111347 0.1089509 0.2106568 -0.02526599 -0.1098325 0.4923983 -0.08084875 0.1765497 0.02437633 0.1216677 -0.02194416 0.1110762 -0.122347 -0.1231112 0.2889243 -0.05416452 -0.1276562 0.3514617 -0.09784865 -0.09594732 0.1229233 0.007427573 0.1511512 0.3670817 0.07504308 -0.02299189 -0.01140081 -0.06212639 0.1297477 0.16534 -0.07093793 0.1559717 0.02141433 0.1879966 0.03443801 0.1425088 -0.06038051 -0.2076261 0.3378032 -0.05965304 -0.2151709 0.3042188 -0.05965304 -0.2151709 0.3042188 0.1265187 -0.01829701 0.1439657 0.001372933 0.1366949 0.3407207 0.001372933 0.1366949 0.3407207 0.01353579 0.1431971 0.2352207 0.1521762 0.03618597 0.4046469 -0.09404766 -0.08820998 0.1211991 -0.007256627 -0.09170097 0.3785994 -0.1004177 -0.1012356 0.1197257 -0.08107322 -0.1783116 0.3908428 -0.0864222 -0.1009081 0.1153849 -0.1680477 -0.1312636 0.2875187 -0.06179291 0.1367561 0.1708593 -0.04660046 0.1591123 0.2143676 0.1461951 -0.02322828 0.3160279 0.004648387 0.2013558 0.1775927 0.2406166 -0.01940703 0.364382 0.09849983 -0.1669312 0.1977753 0.1240439 -0.0899676 0.2255342 0.1240439 -0.0899676 0.2255342 -0.1255606 -0.1006729 0.01028299 0.2234409 0.02651542 0.3966109 -0.03929179 0.1090635 0.2950989 0.1291401 0.007180571 -0.0165376 0.1679764 -0.06582385 0.1741546 0.07222378 -0.09988105 0.3263242 0.006433606 -0.1400417 0.3702379 0.02130454 -0.117963 0.4626591 -0.06276303 0.1155503 0.2141349 -0.06276303 0.1155503 0.2141349 -0.01517677 0.1790196 0.2491348 0.08349025 -0.07277691 0.3900687 -0.08779716 -0.09046506 0.1194779 -0.0864222 -0.1009081 0.1153848 -0.04215723 0.1641919 0.0959059 -0.04224932 -0.2042318 0.3338183 -0.04195964 -0.062137 0.4202995 -0.00135082 0.1300098 0.3414441 -0.00135082 0.1300098 0.3414441 0.1824186 -0.03464514 0.2275087 -0.0953204 -0.02420151 0.28008 0.09849143 -0.1454313 0.2435303 -0.00123012 -0.1632246 0.5078373 0.1267791 -0.009775638 0.1905717 0.2105892 0.09612649 0.2362875 -0.002282798 0.1827988 0.3569507 -0.09022718 -0.02855384 0.2864541 -0.005105495 0.1234073 0.2362672 -0.08903771 -0.01492661 0.4043485 -0.08903771 -0.01492661 0.4043485 0.01657003 0.1438857 0.2025238 -0.007569134 0.1510864 0.2392261 0.1319218 -0.1125804 0.3566788 -0.03259688 0.1542903 0.2424383 0.1338145 -0.01175916 0.1503325 0.1024835 0.002687275 0.05237889 -0.07663226 -0.1531826 0.1528655 -0.177437 -0.1308227 0.2360793 -0.09697026 -0.0979309 0.1270525 -0.09419751 -0.01204854 0.4022533 -0.09419751 -0.01204854 0.4022533 -0.001239418 0.2028715 0.179929 -0.1257549 -0.07204633 0.3776007 0.08245199 -0.01070725 0.386019 -0.008410036 0.1566417 0.2554492 -0.05903923 -0.1105486 0.3257783 -0.04729962 0.1551254 0.3027874 0.1477783 0.02812552 0.2205802 0.1477783 0.02812552 0.2205802 -0.05313384 0.1689983 0.1009876 -0.05621409 0.1309193 0.1681379 0.1795651 0.06209963 0.274752 -0.02513241 0.1131671 0.3435848 0.2440415 0.06272792 0.2099947 -0.09368073 -0.1004167 0.005905687 -0.0312857 0.1295821 0.2403538 0.1231763 -0.04045826 0.2011901 -0.06037378 -0.2197759 0.3024138 -0.06037378 -0.2197759 0.3024138 0.002320468 0.1323454 0.3402959 0.002320468 0.1323454 0.3402959 -0.08239895 -0.01608014 0.5268909 -0.1305861 -0.1536579 0.2751667 -0.09603047 0.04102045 0.4814296 -0.02494037 -0.1496021 0.4550845 -0.02494037 -0.1496021 0.4550845 0.003023326 0.2068158 0.1715773 0.1752966 -0.1358597 0.1943757 -0.07327115 -0.08748012 0.3784226 0.07842969 -0.1081447 0.2326191 0.1136128 -0.0661574 0.2360747 0.1750048 -0.005412161 0.4256889 -0.04011881 -0.004526138 0.408937 -0.06744235 -0.05157756 0.4872791 0.1167976 -0.03497266 -0.01808285 -0.008965313 0.1467223 0.268756 -0.1264075 -0.008683681 0.4828597 -0.1108676 -0.1440182 0.2541462 -0.06020224 -0.1488943 0.4988697 -0.1203694 -0.06896132 0.01201015 -0.04296886 0.1692722 0.09864532 -0.0962218 -0.016222 0.4028633 -0.0962218 -0.016222 0.4028633 -0.02448272 -0.155807 0.4545432 -0.02448272 -0.155807 0.4545432 -0.07311612 -0.1432594 0.1626946 0.08808344 -0.09039247 0.177816 0.03293889 -0.1651554 0.4393911 -0.0869258 -0.1903852 0.336788 0.007872641 0.1766334 0.2134404 0.1193512 -0.02835834 0.04766052 -0.1044637 0.01563465 0.3984027 -0.06587731 -0.2192896 0.3054144 -0.06587731 -0.2192896 0.3054144 -0.04089492 0.12643 0.2091048 0.2115001 0.08801859 0.1713812 0.00803548 0.09790122 0.2877112 0.187047 -0.08373522 0.3356182 -0.05075657 -0.1123289 0.3205068 -0.0980305 -0.08688497 0.1206938 -0.0592243 0.1832943 0.02186226 0.116621 -0.04332464 0.1822121 -0.1132293 -0.04739785 0.4928473 0.04173439 0.1336762 0.2858194 -0.05533623 0.1653581 0.01994609 -0.09585934 -0.1183348 0.4204141 0.2235484 0.04675585 0.2370326 -0.1209906 -0.223963 0.308551 -0.04923516 0.009356558 0.48903 -0.1412765 -0.02815234 0.4014661 -0.1247181 -0.07238227 0.2555139 -0.09142458 -0.101686 0.1280738 -0.05851435 -0.1798249 0.3317077 -0.0435664 0.1721888 0.09806203 -0.003725707 0.1349815 0.342355 -0.003725707 0.1349815 0.342355 -0.1695039 -0.1154389 0.2052264 0.2207676 -9.6715e-4 0.1968237 -0.08950442 -0.1492316 0.1659802 -0.04180097 0.1620311 0.1039355 0.142778 -0.03489875 0.3156001 0.1317839 -0.08753454 0.2237602 0.1317839 -0.08753454 0.2237602 0.1389896 -0.03224962 0.1871561 0.02606815 0.1753895 0.3524695 -0.08716386 -0.08936071 0.1169971 -0.09275799 -0.01940608 0.4046078 -0.09275799 -0.01940608 0.4046078 0.1264296 -0.00418359 0.04854673 -0.03095 -0.1481846 0.4560225 -0.03095 -0.1481846 0.4560225 -0.04258495 0.1644368 0.0978865 0.1451439 -0.1623728 0.2186885 -0.05984508 -0.235943 0.3196967 0.01861655 0.202486 0.2425813 0.01861655 0.202486 0.2425813 -0.1591921 -0.07720792 0.2224447 -0.04524695 -0.03426706 0.502683 -0.05548244 0.1109383 0.2107974 -0.05548244 0.1109383 0.2107974 0.1081253 0.01577872 0.3228899 0.1557238 0.02703791 0.226042 0.1557238 0.02703791 0.226042 0.09540516 -0.02148741 0.05149263 -0.09433197 -0.1740323 0.3107001 -0.001997292 -0.2042171 0.4458625 0.004930138 0.1737649 0.2459567 -0.05036354 -0.1218071 0.3184888 0.1936194 -0.08574521 0.2048083 -0.1222271 -0.1966475 0.2918554</float_array>
          <technique_common>
            <accessor source="#birch_A-mesh-positions-array" count="256" stride="3">
              <param name="X" type="float"/>
              <param name="Y" type="float"/>
              <param name="Z" type="float"/>
            </accessor>
          </technique_common>
        </source>
        <source id="birch_A-mesh-normals">
          <float_array id="birch_A-mesh-normals-array" count="780">0.6910486 0.3500284 0.6324018 0.2560835 -0.1459199 0.9555777 0.9484967 -0.2999936 0.1017737 0.08132982 0.2905249 0.9534049 -0.2739633 -0.05498588 0.960167 -0.2396799 -0.6269735 0.7412542 0.3992667 -0.8617211 0.3130862 0.3076143 0.5356982 -0.7863848 0.3602064 0.04625034 -0.9317255 -0.2696425 0.9452931 -0.1836135 -0.9492566 0.2992182 -0.09685313 -0.6603777 -0.4255472 -0.6187171 0.08919262 -0.4323894 -0.8972648 -0.218841 0.1194805 -0.9684179 0.4748686 -0.1969596 0.8577334 0.06031793 -0.04158133 0.9973128 0.1708845 -0.4870283 0.8565056 0.6104639 0.4734087 0.6349946 -0.1160345 0.91502 0.3863605 -0.7053721 0.1423527 0.6943961 -0.3135102 -0.412108 0.855499 0.8560475 -0.5058984 0.1060632 0.3207099 -0.9064999 -0.2745966 0.6687377 0.4261771 -0.6092315 -0.2029805 0.5147219 -0.8329829 -0.8649377 0.06398916 -0.4977834 -0.6865337 -0.5876391 -0.428196 -0.05435025 -0.08003604 -0.9953092 0.4551537 0.3688392 0.8104276 0.1194828 -0.07933646 0.9896613 0.6068388 -0.2065663 0.7675136 -0.04022145 0.5416159 0.8396633 -0.3479835 4.84392e-4 0.9375005 -0.2732779 -0.3894706 0.8795635 0.2533969 -0.5383612 0.8037148 0.4800616 0.6453551 -0.5941866 0.6738114 -0.1188738 -0.7292786 -0.3863366 0.7477954 -0.5399501 -0.8809638 0.248984 -0.4023802 -0.6772 -0.504828 -0.5353026 0.1406738 -0.7194507 -0.6801483 -0.1404381 0.1173461 -0.9831109 0.9408909 -0.3366923 0.03691536 -0.2819312 0.5436692 -0.7905306 0.7970511 0.04836934 -0.6019719 -0.9113652 0.05263799 0.4082191 -0.1273101 -0.4157602 0.9005197 -0.2400128 -0.4064966 0.8815637 -0.5931518 0.3071457 0.7441993 0.01133596 -0.3972729 -0.9176306 -0.9925609 0.05978715 0.106059 0.6797609 -0.2831326 -0.6765804 0.6319877 0.2707974 0.726127 0.5691241 0.3086187 0.7621368 -0.4402987 0.6921369 -0.5719122 0.2556952 -0.5890048 -0.7666116 -0.7324065 -0.3054628 -0.6085007 0.5477835 0.4085898 -0.73006 -0.1630396 0.4424641 0.8818412 0.3851692 -0.5665116 0.7284981 0.615208 0.2191935 0.7572803 -0.3931099 -0.3432532 0.8530192 -0.721709 -0.4714301 0.5068429 -0.3882074 0.7649316 0.5139794 -0.8371133 -0.4888588 0.2454758 -0.4456353 0.8632702 0.2370101 0.4795905 -0.8288059 0.2882252 0.4970862 -0.8676898 -0.004456281 0.8605151 0.4214839 0.2861207 0.8767591 0.4808373 -0.009449005 -0.04315561 0.2503221 0.9672004 -0.3555657 -0.1252524 0.9262208 0.2273837 -0.07281482 0.9710791 -0.7983421 0.463484 0.38449 -0.8502039 -0.1939042 -0.489443 -0.39519 -0.9161099 -0.06758433 0.2488533 -0.5961219 0.7633551 0.3302383 0.8816018 0.3372255 0.7821318 0.1386712 0.6074867 -0.4259511 0.6902188 -0.5849477 -0.3841714 0.05059951 -0.9218743 -0.01454144 -0.422006 -0.9064764 0.8011624 -0.5984462 9.98069e-4 0.2515655 0.1450011 -0.9569168 -0.2369533 0.1428834 0.9609566 0.1526187 -0.3399646 -0.9279718 -0.9943581 0.02218139 0.1037307 0.423784 -0.02898806 -0.9052993 0.7452493 0.2802497 0.6050319 0.4240963 0.2273223 0.8766224 0.1922419 -0.5287197 -0.8267397 -0.911979 -0.3003583 -0.2794267 0.55456 0.3900674 0.7350583 -0.651503 -0.6312977 0.4207221 0.7351216 -0.6764736 -0.04449367 -0.7116445 -0.6394581 0.2909563 0.7264238 -0.6616966 0.1856507 0.760965 0.6433193 0.08409905 0.763426 0.6073784 0.2197096 -0.4859247 0.7703142 0.4129083 -0.4675318 0.7446912 0.4762867 0.6704332 -0.5946913 -0.4436909 -0.803305 -0.593717 0.04691785 0.760413 0.6452535 0.07362067 -0.4042674 0.7405594 0.5367864 0.5286292 -0.5911451 -0.6091787 -0.6682282 -0.7079747 -0.228567 0.8438568 0.516607 0.1449936 -0.3994995 0.5984447 0.6944525 0.9286999 -0.06959778 0.364243 -0.2009479 0.7047227 -0.6804307 0.9570645 0.262035 0.1239569 -0.2549903 0.4979584 -0.8288652 -0.964732 -0.03866636 -0.2603789 -0.932543 -0.2854844 0.2210483 0.05819445 -0.707754 0.7040581 0.007209777 -0.5355967 0.8444432 -0.3118695 0.8648368 -0.3934397 0.9232707 0.1966307 0.3300116 -0.9530931 -0.1372677 -0.2697615 0.04764086 -0.9130818 0.4049842 0.9470936 -0.2576069 0.1914483 0.5265335 0.2639608 0.8081381 0.3164291 -0.2655258 0.9106969 0.4297942 0.3296884 -0.8405848 -0.01178872 0.9029044 -0.4296799 -0.1052095 0.3330019 0.9370383 0.1267272 -0.06722092 0.9896574 0.5547039 -0.7662242 -0.3243521 0.1744856 -0.9444686 0.278449 0.01760321 0.01998269 -0.9996454 -0.4174974 0.3618562 -0.8335204 -0.7162782 0.2950654 0.6323623 -0.3233705 -0.2204816 0.920228 -0.6464459 -0.5110801 -0.5664847 0.98491 0.1214377 0.1233096 0.4305844 0.537073 0.7253618 0.3791851 -0.1239892 0.9169762 0.2277393 0.4162303 -0.8802767 -0.289913 0.7443067 -0.6016296 -0.2121815 0.3682389 0.9051956 0.1449487 0.01850008 0.9892662 0.7723819 -0.5935602 -0.2260808 0.4070246 -0.7909023 0.4569515 0.006422281 -0.008030891 -0.9999472 -0.5052628 0.1761181 -0.844803 -0.7573431 0.04759162 0.6512807 -0.1874401 -0.3066813 0.9331736 -0.4511636 -0.769977 -0.451206 0.9848091 0.1215248 0.1240279 0.4307088 0.5372247 0.7251756 0.3807679 -0.1242047 0.9162909 0.2285296 0.4165267 -0.8799317 -0.2898256 0.7432274 -0.6030043 -0.2128538 0.3696447 0.9044646 0.1450194 0.01899755 0.9892464 0.7722482 -0.5935407 -0.2265888 0.4068633 -0.7901353 0.4584196 0.006979405 -0.008363544 -0.9999407 -0.5061689 0.1760348 -0.8442777 -0.7566732 0.04785776 0.6520394 -0.1877682 -0.3073428 0.9328899 -0.4511972 -0.7692005 -0.4524951 0.4421553 0.363384 0.8200309 0.1205971 -0.0789951 0.9895536 0.587585 -0.2008855 0.7838297 -0.02989178 0.5410125 0.8404832 -0.3190283 -0.005228519 0.9477308 -0.2573938 -0.3767489 0.8898364 0.2496067 -0.5201548 0.8167836 0.4837601 0.6412758 -0.5956017 0.6807519 -0.1223376 -0.7222261 -0.3906848 0.7399007 -0.5476425 -0.8866668 0.2469935 -0.3909173 -0.6802774 -0.5086387 -0.5277399 0.1430849 -0.7249835 -0.6737401 -0.1401201 0.1144575 -0.9834968 0.6146023 -0.1049905 0.7818191 0.3055105 0.3867524 0.8701069 0.1237995 -0.1149097 0.9856316 0.7894591 0.3315539 -0.5165526 0.1000049 0.6799584 -0.7263991 -0.4481323 0.7656165 0.4615287 -0.09966129 0.1043292 0.9895368 0.5055295 -0.6889215 0.519449 0.06456816 -0.6943475 0.7167375 0.3622229 -0.1866338 -0.9132154 -0.1733672 0.1590522 -0.9719291 -0.8924494 0.3739662 -0.2523559 -0.7441802 -0.2198985 0.630746 -0.4329484 -0.5918844 -0.679874 0.06855309 0.53336 0.843106 -0.4937253 -0.3633587 -0.7900671 -0.3772188 0.6503635 0.6593431 -0.2100936 -0.4578651 -0.8638405 0.9296172 -0.3301818 0.1636828 0.796328 -0.1455335 0.5870962 -0.4033539 -0.4231022 -0.811351 -0.7242506 0.5045189 0.4700231 0.9056085 -0.3781408 -0.192049 -0.6675131 0.2389749 0.7052073 -0.2162709 -0.9365407 0.2758959 -0.7138149 0.331958 0.6166622 -0.23539 -0.8437277 0.4824057 0.8695502 -0.365619 -0.3319717 0.8840312 -0.4338119 -0.1740579 0.5060026 0.8624507 -0.01184523 0.4512852 0.8853949 0.1114341 -0.2869353 -0.9458828 -0.1515713 -0.8031339 0.4289873 0.4134562 0.8735074 -0.3530445 -0.3351784 0.5684183 0.8091475 0.1489332 -0.3590131 -0.8656216 -0.3490113 -0.9365733 0.2607275 0.2342042 0.849742 -0.4827705 -0.2118282 0.5250409 0.7449585 0.4115446 0.4868667 -0.6873217 0.5390269 0.3369734 0.4959945 -0.800274 0.7039985 -0.6920157 -0.159689 0.1595975 0.2966156 -0.9415668 -0.523586 0.8377887 -0.1548164 -0.7423991 0.6647982 0.08298742 -0.4646152 -0.23307 0.8542899 -0.2523611 -0.1960101 0.9475727 0.6365792 0.5901805 -0.4964413 0.5537282 -0.8109358 -0.1891251 -0.5309389 0.7904528 0.3054311 -0.6113105 -0.5306669 0.5871049 -0.08863121 0.2168222 0.9721794 -0.08864271 0.2168149 0.9721799 -0.08867383 0.2167903 0.9721826 0.253427 -0.4086236 0.8768132 0.253444 -0.4086169 0.8768116 0.2534779 -0.4086034 0.8768079 0.2267119 -0.1756411 0.9579938 0.2267015 -0.1756508 0.9579945 0.2267087 -0.1756433 0.9579941 0.1362438 -0.07610112 0.9877482 0.1362347 -0.07610058 0.9877494 0.01901608 0.0278083 0.9994325 0.01903891 0.02782845 0.9994315 0.0190615 0.02785784 0.9994302 0.01903784 0.02783352 0.9994313 0.0190609 0.0278548 0.9994302 0.01903766 0.02783221 0.9994314 0.1368809 -0.1869388 0.9727885 0.1369189 -0.1869379 0.9727834 0.1369078 -0.1869382 0.9727849 0.1878881 -0.06144744 0.9802665 0.1878868 -0.06144082 0.9802672 0.1878904 -0.06145465 0.9802656 0.1878933 -0.06145453 0.980265 0.1878902 -0.061441 0.9802665 0.187893 -0.06145215 0.9802652 0.2293572 0.09621846 0.9685749 0.2293726 0.09620964 0.9685722 0.2293621 0.09621435 0.9685742 0.229394 0.09621262 0.9685668 0.229366 0.09623092 0.9685716 0.2293747 0.09622466 0.9685701</float_array>
          <technique_common>
            <accessor source="#birch_A-mesh-normals-array" count="260" stride="3">
              <param name="X" type="float"/>
              <param name="Y" type="float"/>
              <param name="Z" type="float"/>
            </accessor>
          </technique_common>
        </source>
        <source id="birch_A-mesh-map-0">
          <float_array id="birch_A-mesh-map-0-array" count="2232">0.7336956 0.8816874 0.698249 0.9912296 0.9132994 0.8816874 0.5540919 0.8816874 0.698249 0.9912296 0.7336956 0.8816874 0.7340415 0.8816874 0.698249 0.9912296 0.5540919 0.8816874 0.9136453 0.8816874 0.698249 0.9912296 0.7340415 0.8816874 0.7368907 0.8816874 0.698249 0.9912296 0.9136453 0.8816874 0.5572867 0.8816874 0.698249 0.9912296 0.7368907 0.8816874 0.9132994 0.8816874 0.7336956 0.6682565 0.7336956 0.8816874 0.7336956 0.6682565 0.9132994 0.8816874 0.9132994 0.6682565 0.7336956 0.8816874 0.5540919 0.6682565 0.5540919 0.8816874 0.5540919 0.6682565 0.7336956 0.8816874 0.7336956 0.6682565 0.5540919 0.8816874 0.7340415 0.6682565 0.7340415 0.8816874 0.7340415 0.6682565 0.5540919 0.8816874 0.5540919 0.6682565 0.7340415 0.8816874 0.9136453 0.6682565 0.9136453 0.8816874 0.9136453 0.6682565 0.7340415 0.8816874 0.7340415 0.6682565 0.9136453 0.8816874 0.7368907 0.6682565 0.7368907 0.8816874 0.7368907 0.6682565 0.9136453 0.8816874 0.9136453 0.6682565 0.7368907 0.8816874 0.5572867 0.6682565 0.5572867 0.8816874 0.5572867 0.6682565 0.7368907 0.8816874 0.7368907 0.6682565 0.9132994 0.6682565 0.6981096 0.5587142 0.7336956 0.6682565 0.7336956 0.6682565 0.6981096 0.5587142 0.5540919 0.6682565 0.5540919 0.6682565 0.6981096 0.5587142 0.7340415 0.6682565 0.7340415 0.6682565 0.6981096 0.5587142 0.9136453 0.6682565 0.9136453 0.6682565 0.6981096 0.5587142 0.7368907 0.6682565 0.7368907 0.6682565 0.6981096 0.5587142 0.5572867 0.6682565 0.9229304 0.9041709 0.6707242 0.9856224 0.7556879 0.9041709 0.5877292 0.9041709 0.6707242 0.9856224 0.9229304 0.9041709 0.7556138 0.9041709 0.6707242 0.9856224 0.5877292 0.9041709 0.9223745 0.9041709 0.6707242 0.9856224 0.7556138 0.9041709 0.7556269 0.9041709 0.6707242 0.9856224 0.9223745 0.9041709 0.5882902 0.9041709 0.6707242 0.9856224 0.7556269 0.9041709 0.7556879 0.9041709 0.9229304 0.6457729 0.9229304 0.9041709 0.9229304 0.6457729 0.7556879 0.9041709 0.7556879 0.6457729 0.9229304 0.9041709 0.5877292 0.6457729 0.5877292 0.9041709 0.5877292 0.6457729 0.9229304 0.9041709 0.9229304 0.6457729 0.5877292 0.9041709 0.7556138 0.6457729 0.7556138 0.9041709 0.7556138 0.6457729 0.5877292 0.9041709 0.5877292 0.6457729 0.7556138 0.9041709 0.9223745 0.6457729 0.9223745 0.9041709 0.9223745 0.6457729 0.7556138 0.9041709 0.7556138 0.6457729 0.9223745 0.9041709 0.7556269 0.6457729 0.7556269 0.9041709 0.7556269 0.6457729 0.9223745 0.9041709 0.9223745 0.6457729 0.7556269 0.9041709 0.5882902 0.6457729 0.5882902 0.9041709 0.5882902 0.6457729 0.7556269 0.9041709 0.7556269 0.6457729 0.7556879 0.6457729 0.6705567 0.5643215 0.9229304 0.6457729 0.9229304 0.6457729 0.6705567 0.5643215 0.5877292 0.6457729 0.5877292 0.6457729 0.6705567 0.5643215 0.7556138 0.6457729 0.7556138 0.6457729 0.6705567 0.5643215 0.9223745 0.6457729 0.9223745 0.6457729 0.6705567 0.5643215 0.7556269 0.6457729 0.7556269 0.6457729 0.6715682 0.5643215 0.5882902 0.6457729 0.4020606 0.3376246 0.2487946 0.3281548 0.3235482 0.2039944 0.325232 0.4700392 0.2487946 0.3281548 0.4020606 0.3376246 0.1698911 0.4688239 0.2487946 0.3281548 0.325232 0.4700392 0.09137886 0.3351939 0.2487946 0.3281548 0.1698911 0.4688239 0.1682075 0.2027791 0.2487946 0.3281548 0.09137886 0.3351939 0.3235482 0.2039944 0.2487946 0.3281548 0.1682075 0.2027791 0.4876969 0.5304901 0.3333759 0.1971568 0.3333759 0.5304901 0.3333759 0.1971568 0.4876969 0.5304901 0.4876969 0.1971568 0.3333759 0.5304901 0.1790549 0.1971568 0.1790549 0.5304901 0.1790549 0.1971568 0.3333759 0.5304901 0.3333759 0.1971568 0.1790549 0.5304901 0.02508032 0.1971568 0.02508032 0.5304901 0.02508032 0.1971568 0.1790549 0.5304901 0.1790549 0.1971568 0.02508032 0.5304901 0.1794013 0.1971568 0.1794013 0.5304901 0.1794013 0.1971568 0.02508032 0.5304901 0.02508032 0.1971568 0.1794013 0.5304901 0.3337222 0.1971568 0.3337222 0.5304901 0.3337222 0.1971568 0.1794013 0.5304901 0.1794013 0.1971568 0.3337222 0.5304901 0.4876969 0.1971568 0.4876969 0.5304901 0.4876969 0.1971568 0.3337222 0.5304901 0.3337222 0.1971568 0.3410704 0.1831512 0.2404947 0.3611724 0.4417297 0.3544762 0.4417297 0.3544762 0.2404947 0.3611724 0.343229 0.5242428 0.343229 0.5242428 0.2404947 0.3611724 0.144069 0.5226847 0.144069 0.5226847 0.2404947 0.3611724 0.0434097 0.3513599 0.0434097 0.3513599 0.2404947 0.3611724 0.1419104 0.1815931 0.1419104 0.1815931 0.2404947 0.3611724 0.3410704 0.1831512 1.230928 0 0.1417058 0.1089342 0.141707 0 0.1417058 0.1089342 1.230928 0 1.230927 0.1089348 1.230927 0.1089348 0.1417033 0 0.1417058 0.1089342 0.1417033 0 1.230927 0.1089348 1.230925 0 1.230925 0 0.1417015 0.1541233 0.1417033 0 0.1417015 0.1541233 1.230925 0 1.230922 0.1541227 1.230928 0 0.1417058 0.1089342 0.141707 0 0.1417058 0.1089342 1.230928 0 1.230927 0.1089348 1.230927 0.1089348 0.1417033 0 0.1417058 0.1089342 0.1417033 0 1.230927 0.1089348 1.230925 0 1.230925 0 0.1417015 0.1541233 0.1417033 0 0.1417015 0.1541233 1.230925 0 1.230922 0.1541227 0.9897258 0.1513663 -0.01027369 0.01027226 0.9897263 0.01027584 -0.01027369 0.01027226 0.9897258 0.1513663 -0.01027423 0.1513627 0.9897263 0.01027584 -0.01027423 0.1513627 -0.01027369 0.01027226 -0.01027423 0.1513627 0.9897263 0.01027584 0.9897258 0.1513663 0.9897263 0.01027584 0.8289963 0.1513651 0.8289967 0.01027464 0.8289963 0.1513651 0.9897263 0.01027584 0.9897258 0.1513663 0.8289967 0.01027464 0.3230591 0.1513639 0.3230596 0.01027345 0.3230591 0.1513639 0.8289967 0.01027464 0.8289963 0.1513651 0.3230596 0.01027345 -0.01027423 0.1513627 -0.01027369 0.01027226 -0.01027423 0.1513627 0.3230596 0.01027345 0.3230591 0.1513639 0.9897263 0.01027584 0.8289963 0.1513651 0.8289967 0.01027464 0.8289963 0.1513651 0.9897263 0.01027584 0.9897258 0.1513663 0.8289967 0.01027464 0.3230591 0.1513639 0.3230596 0.01027345 0.3230591 0.1513639 0.8289967 0.01027464 0.8289963 0.1513651 0.3230596 0.01027345 -0.01027423 0.1513627 -0.01027369 0.01027226 -0.01027423 0.1513627 0.3230596 0.01027345 0.3230591 0.1513639 0.9897263 0.01027584 0.8289963 0.1513651 0.8289967 0.01027464 0.8289963 0.1513651 0.9897263 0.01027584 0.9897258 0.1513663 0.8289967 0.01027464 0.3230591 0.1513639 0.3230596 0.01027345 0.3230591 0.1513639 0.8289967 0.01027464 0.8289963 0.1513651 0.3230596 0.01027345 -0.01027423 0.1513627 -0.01027369 0.01027226 -0.01027423 0.1513627 0.3230596 0.01027345 0.3230591 0.1513639 0.9897263 0.01027584 0.8289963 0.1513651 0.8289967 0.01027464 0.8289963 0.1513651 0.9897263 0.01027584 0.9897258 0.1513663 0.8289967 0.01027464 0.3230591 0.1513639 0.3230596 0.01027345 0.3230591 0.1513639 0.8289967 0.01027464 0.8289963 0.1513651 0.3230596 0.01027345 -0.01027423 0.1513627 -0.01027369 0.01027226 -0.01027423 0.1513627 0.3230596 0.01027345 0.3230591 0.1513639 0.7419226 0.8479931 0.6323818 0.9876549 0.9595999 0.8479931 0.5239925 0.8479931 0.6323818 0.9876549 0.7419226 0.8479931 0.7420017 0.8479931 0.6323818 0.9876549 0.5239925 0.8479931 0.960335 0.8479931 0.6323818 0.9876549 0.7420017 0.8479931 0.7420807 0.8479931 0.6323818 0.9876549 0.960335 0.8479931 0.5240792 0.8479931 0.6323818 0.9876549 0.7420807 0.8479931 0.9595999 0.8479931 0.7419226 0.7019507 0.7419226 0.8479931 0.7419226 0.7019507 0.9595999 0.8479931 0.9595999 0.7019507 0.7419226 0.8479931 0.5239925 0.7019507 0.5239925 0.8479931 0.5239925 0.7019507 0.7419226 0.8479931 0.7419226 0.7019507 0.5239925 0.8479931 0.7420017 0.7019507 0.7420017 0.8479931 0.7420017 0.7019507 0.5239925 0.8479931 0.5239925 0.7019507 0.7420017 0.8479931 0.960335 0.7019507 0.960335 0.8479931 0.960335 0.7019507 0.7420017 0.8479931 0.7420017 0.7019507 0.960335 0.8479931 0.7420807 0.7019507 0.7420807 0.8479931 0.7420807 0.7019507 0.960335 0.8479931 0.960335 0.7019507 0.7420807 0.8479931 0.5240792 0.7019507 0.5240792 0.8479931 0.5240792 0.7019507 0.7420807 0.8479931 0.7420807 0.7019507 0.9595999 0.7019507 0.6321274 0.5622888 0.7419226 0.7019507 0.7419226 0.7019507 0.6321274 0.5622888 0.5239925 0.7019507 0.5239925 0.7019507 0.6321274 0.5622888 0.7420017 0.7019507 0.7420017 0.7019507 0.6321274 0.5622888 0.960335 0.7019507 0.960335 0.7019507 0.6332596 0.5622888 0.7420807 0.7019507 0.7420807 0.7019507 0.6332596 0.5622888 0.5240792 0.7019507 1.230928 0 0.1417058 0.1089342 0.141707 0 0.1417058 0.1089342 1.230928 0 1.230927 0.1089348 1.230927 0.1089348 0.1417033 0 0.1417058 0.1089342 0.1417033 0 1.230927 0.1089348 1.230925 0 1.230925 0 0.1417015 0.1541233 0.1417033 0 0.1417015 0.1541233 1.230925 0 1.230922 0.1541227 0.141707 0 -0.1414941 0.108934 -0.1414929 0 -0.1414941 0.108934 0.141707 0 0.1417058 0.1089342 0.1417033 0 -0.1414941 0.108934 0.1417058 0.1089342 -0.1414941 0.108934 0.1417033 0 -0.1414966 0 0.1417015 0.1541233 -0.1414966 0 0.1417033 0 -0.1414966 0 0.1417015 0.1541233 -0.1414985 0.1541236 1.274503 0.0675261 0.7822729 0.07835423 0.7822749 0.0675261 0.7822729 0.07835423 1.274503 0.0675261 1.274501 0.07835376 1.274507 0 0.782278 0.0795896 0.7822791 0 0.782278 0.0795896 1.274507 0 1.274506 0.07959002 1.274506 0.07959002 0.7822767 0.1548755 0.782278 0.0795896 0.7822767 0.1548755 1.274506 0.07959002 1.274505 0.1548759 1.274505 0.1548759 0.7822749 0.0675261 0.7822767 0.1548755 0.7822749 0.0675261 1.274505 0.1548759 1.274503 0.0675261 1.230924 0.05779671 0.1417009 0.1072923 0.1417027 0.05779671 0.1417009 0.1072923 1.230924 0.05779671 1.230922 0.1072918 1.230928 0 0.1417058 0.1089342 0.141707 0 0.1417058 0.1089342 1.230928 0 1.230927 0.1089348 1.230927 0.1089348 0.1417046 0.100098 0.1417058 0.1089342 0.1417046 0.100098 1.230927 0.1089348 1.230925 0.1000974 1.230925 0.1000974 0.1417027 0.05779671 0.1417046 0.100098 0.1417027 0.05779671 1.230925 0.1000974 1.230924 0.05779671 0.1417027 0.05779671 -0.1414991 0.1072926 -0.1414972 0.05779671 -0.1414991 0.1072926 0.1417027 0.05779671 0.1417009 0.1072923 0.141707 0 -0.1414941 0.108934 -0.1414929 0 -0.1414941 0.108934 0.141707 0 0.1417058 0.1089342 0.1417046 0.100098 -0.1414941 0.108934 0.1417058 0.1089342 -0.1414941 0.108934 0.1417046 0.100098 -0.1414954 0.1000983 0.1417027 0.05779671 -0.1414954 0.1000983 0.1417046 0.100098 -0.1414954 0.1000983 0.1417027 0.05779671 -0.1414972 0.05779671 1.230924 0.05779671 0.1417009 0.1072923 0.1417027 0.05779671 0.1417009 0.1072923 1.230924 0.05779671 1.230922 0.1072918 1.230928 0 0.1417058 0.1089342 0.141707 0 0.1417058 0.1089342 1.230928 0 1.230927 0.1089348 1.230927 0.1089348 0.1417046 0.100098 0.1417058 0.1089342 0.1417046 0.100098 1.230927 0.1089348 1.230925 0.1000974 1.230925 0.1000974 0.1417027 0.05779671 0.1417046 0.100098 0.1417027 0.05779671 1.230925 0.1000974 1.230924 0.05779671 0.1417027 0.05779671 -0.1414991 0.1072926 -0.1414972 0.05779671 -0.1414991 0.1072926 0.1417027 0.05779671 0.1417009 0.1072923 0.141707 0 -0.1414941 0.108934 -0.1414929 0 -0.1414941 0.108934 0.141707 0 0.1417058 0.1089342 0.1417046 0.100098 -0.1414941 0.108934 0.1417058 0.1089342 -0.1414941 0.108934 0.1417046 0.100098 -0.1414954 0.1000983 0.1417027 0.05779671 -0.1414954 0.1000983 0.1417046 0.100098 -0.1414954 0.1000983 0.1417027 0.05779671 -0.1414972 0.05779671 0.9229304 0.9041709 0.6707242 0.9856224 0.7556879 0.9041709 0.5877292 0.9041709 0.6707242 0.9856224 0.9229304 0.9041709 0.7556138 0.9041709 0.6707242 0.9856224 0.5877292 0.9041709 0.9223745 0.9041709 0.6707242 0.9856224 0.7556138 0.9041709 0.7556269 0.9041709 0.6707242 0.9856224 0.9223745 0.9041709 0.5882902 0.9041709 0.6707242 0.9856224 0.7556269 0.9041709 0.7556879 0.9041709 0.9229304 0.6457729 0.9229304 0.9041709 0.9229304 0.6457729 0.7556879 0.9041709 0.7556879 0.6457729 0.9229304 0.9041709 0.5877292 0.6457729 0.5877292 0.9041709 0.5877292 0.6457729 0.9229304 0.9041709 0.9229304 0.6457729 0.5877292 0.9041709 0.7556138 0.6457729 0.7556138 0.9041709 0.7556138 0.6457729 0.5877292 0.9041709 0.5877292 0.6457729 0.7556138 0.9041709 0.9223745 0.6457729 0.9223745 0.9041709 0.9223745 0.6457729 0.7556138 0.9041709 0.7556138 0.6457729 0.9223745 0.9041709 0.7556269 0.6457729 0.7556269 0.9041709 0.7556269 0.6457729 0.9223745 0.9041709 0.9223745 0.6457729 0.7556269 0.9041709 0.5882902 0.6457729 0.5882902 0.9041709 0.5882902 0.6457729 0.7556269 0.9041709 0.7556269 0.6457729 0.7556879 0.6457729 0.6705567 0.5643215 0.9229304 0.6457729 0.9229304 0.6457729 0.6705567 0.5643215 0.5877292 0.6457729 0.5877292 0.6457729 0.6705567 0.5643215 0.7556138 0.6457729 0.7556138 0.6457729 0.6705567 0.5643215 0.9223745 0.6457729 0.9223745 0.6457729 0.6705567 0.5643215 0.7556269 0.6457729 0.7556269 0.6457729 0.6715682 0.5643215 0.5882902 0.6457729 0.9229304 0.9041709 0.6707242 0.9856224 0.7556879 0.9041709 0.5877292 0.9041709 0.6707242 0.9856224 0.9229304 0.9041709 0.7556138 0.9041709 0.6707242 0.9856224 0.5877292 0.9041709 0.9223745 0.9041709 0.6707242 0.9856224 0.7556138 0.9041709 0.7556269 0.9041709 0.6707242 0.9856224 0.9223745 0.9041709 0.5882902 0.9041709 0.6707242 0.9856224 0.7556269 0.9041709 0.7556879 0.9041709 0.9229304 0.6457729 0.9229304 0.9041709 0.9229304 0.6457729 0.7556879 0.9041709 0.7556879 0.6457729 0.9229304 0.9041709 0.5877292 0.6457729 0.5877292 0.9041709 0.5877292 0.6457729 0.9229304 0.9041709 0.9229304 0.6457729 0.5877292 0.9041709 0.7556138 0.6457729 0.7556138 0.9041709 0.7556138 0.6457729 0.5877292 0.9041709 0.5877292 0.6457729 0.7556138 0.9041709 0.9223745 0.6457729 0.9223745 0.9041709 0.9223745 0.6457729 0.7556138 0.9041709 0.7556138 0.6457729 0.9223745 0.9041709 0.7556269 0.6457729 0.7556269 0.9041709 0.7556269 0.6457729 0.9223745 0.9041709 0.9223745 0.6457729 0.7556269 0.9041709 0.5882902 0.6457729 0.5882902 0.9041709 0.5882902 0.6457729 0.7556269 0.9041709 0.7556269 0.6457729 0.7556879 0.6457729 0.6705567 0.5643215 0.9229304 0.6457729 0.9229304 0.6457729 0.6705567 0.5643215 0.5877292 0.6457729 0.5877292 0.6457729 0.6705567 0.5643215 0.7556138 0.6457729 0.7556138 0.6457729 0.6705567 0.5643215 0.9223745 0.6457729 0.9223745 0.6457729 0.6705567 0.5643215 0.7556269 0.6457729 0.7556269 0.6457729 0.6715682 0.5643215 0.5882902 0.6457729 0.9229304 0.9041709 0.6707242 0.9856224 0.7556879 0.9041709 0.5877292 0.9041709 0.6707242 0.9856224 0.9229304 0.9041709 0.7556138 0.9041709 0.6707242 0.9856224 0.5877292 0.9041709 0.9223745 0.9041709 0.6707242 0.9856224 0.7556138 0.9041709 0.7556269 0.9041709 0.6707242 0.9856224 0.9223745 0.9041709 0.5882902 0.9041709 0.6707242 0.9856224 0.7556269 0.9041709 0.7556879 0.9041709 0.9229304 0.6457729 0.9229304 0.9041709 0.9229304 0.6457729 0.7556879 0.9041709 0.7556879 0.6457729 0.9229304 0.9041709 0.5877292 0.6457729 0.5877292 0.9041709 0.5877292 0.6457729 0.9229304 0.9041709 0.9229304 0.6457729 0.5877292 0.9041709 0.7556138 0.6457729 0.7556138 0.9041709 0.7556138 0.6457729 0.5877292 0.9041709 0.5877292 0.6457729 0.7556138 0.9041709 0.9223745 0.6457729 0.9223745 0.9041709 0.9223745 0.6457729 0.7556138 0.9041709 0.7556138 0.6457729 0.9223745 0.9041709 0.7556269 0.6457729 0.7556269 0.9041709 0.7556269 0.6457729 0.9223745 0.9041709 0.9223745 0.6457729 0.7556269 0.9041709 0.5882902 0.6457729 0.5882902 0.9041709 0.5882902 0.6457729 0.7556269 0.9041709 0.7556269 0.6457729 0.7556879 0.6457729 0.6705567 0.5643215 0.9229304 0.6457729 0.9229304 0.6457729 0.6705567 0.5643215 0.5877292 0.6457729 0.5877292 0.6457729 0.6705567 0.5643215 0.7556138 0.6457729 0.7556138 0.6457729 0.6705567 0.5643215 0.9223745 0.6457729 0.9223745 0.6457729 0.6705567 0.5643215 0.7556269 0.6457729 0.7556269 0.6457729 0.6715682 0.5643215 0.5882902 0.6457729 0.4020606 0.3376246 0.2487946 0.3281548 0.3235482 0.2039944 0.325232 0.4700392 0.2487946 0.3281548 0.4020606 0.3376246 0.1698911 0.4688239 0.2487946 0.3281548 0.325232 0.4700392 0.09137886 0.3351939 0.2487946 0.3281548 0.1698911 0.4688239 0.1682075 0.2027791 0.2487946 0.3281548 0.09137886 0.3351939 0.3235482 0.2039944 0.2487946 0.3281548 0.1682075 0.2027791 0.4876969 0.5304901 0.3333759 0.1971568 0.3333759 0.5304901 0.3333759 0.1971568 0.4876969 0.5304901 0.4876969 0.1971568 0.3333759 0.5304901 0.1790549 0.1971568 0.1790549 0.5304901 0.1790549 0.1971568 0.3333759 0.5304901 0.3333759 0.1971568 0.1790549 0.5304901 0.02508032 0.1971568 0.02508032 0.5304901 0.02508032 0.1971568 0.1790549 0.5304901 0.1790549 0.1971568 0.02508032 0.5304901 0.1794013 0.1971568 0.1794013 0.5304901 0.1794013 0.1971568 0.02508032 0.5304901 0.02508032 0.1971568 0.1794013 0.5304901 0.3337222 0.1971568 0.3337222 0.5304901 0.3337222 0.1971568 0.1794013 0.5304901 0.1794013 0.1971568 0.3337222 0.5304901 0.4876969 0.1971568 0.4876969 0.5304901 0.4876969 0.1971568 0.3337222 0.5304901 0.3337222 0.1971568 0.3410704 0.1831512 0.2404947 0.3611724 0.4417297 0.3544762 0.4417297 0.3544762 0.2404947 0.3611724 0.343229 0.5242428 0.343229 0.5242428 0.2404947 0.3611724 0.144069 0.5226847 0.144069 0.5226847 0.2404947 0.3611724 0.0434097 0.3513599 0.0434097 0.3513599 0.2404947 0.3611724 0.1419104 0.1815931 0.1419104 0.1815931 0.2404947 0.3611724 0.3410704 0.1831512 0.4309738 0.9041709 0.1787676 0.9856224 0.2637313 0.9041709 0.0957725 0.9041709 0.1787676 0.9856224 0.4309738 0.9041709 0.2636571 0.9041709 0.1787676 0.9856224 0.0957725 0.9041709 0.4304178 0.9041709 0.1787676 0.9856224 0.2636571 0.9041709 0.2636702 0.9041709 0.1787676 0.9856224 0.4304178 0.9041709 0.09633356 0.9041709 0.1787676 0.9856224 0.2636702 0.9041709 0.2637313 0.9041709 0.4309738 0.6457729 0.4309738 0.9041709 0.4309738 0.6457729 0.2637313 0.9041709 0.2637313 0.6457729 0.4309738 0.9041709 0.0957725 0.6457729 0.0957725 0.9041709 0.0957725 0.6457729 0.4309738 0.9041709 0.4309738 0.6457729 0.0957725 0.9041709 0.2636571 0.6457729 0.2636571 0.9041709 0.2636571 0.6457729 0.0957725 0.9041709 0.0957725 0.6457729 0.2636571 0.9041709 0.4304178 0.6457729 0.4304178 0.9041709 0.4304178 0.6457729 0.2636571 0.9041709 0.2636571 0.6457729 0.4304178 0.9041709 0.2636702 0.6457729 0.2636702 0.9041709 0.2636702 0.6457729 0.4304178 0.9041709 0.4304178 0.6457729 0.2636702 0.9041709 0.09633356 0.6457729 0.09633356 0.9041709 0.09633356 0.6457729 0.2636702 0.9041709 0.2636702 0.6457729 0.2637313 0.6457729 0.1786001 0.5643215 0.4309738 0.6457729 0.4309738 0.6457729 0.1786001 0.5643215 0.0957725 0.6457729 0.0957725 0.6457729 0.1786001 0.5643215 0.2636571 0.6457729 0.2636571 0.6457729 0.1786001 0.5643215 0.4304178 0.6457729 0.4304178 0.6457729 0.1786001 0.5643215 0.2636702 0.6457729 0.2636702 0.6457729 0.1796116 0.5643215 0.09633356 0.6457729 1.161882 0 0.2129924 0.09829473 0.2129932 0 0.2129924 0.09829473 1.161882 0 1.161881 0.09829521 1.161881 0.09829521 0.2129907 0 0.2129924 0.09829473 0.2129907 0 1.161881 0.09829521 1.16188 0.09922003 1.16188 0.09922003 0.2129894 0.150977 0.2129907 0 0.2129894 0.150977 1.16188 0.09922003 1.161878 0.1509766 0.2129932 0 0.01632571 0.09829455 0.01632654 0 0.01632571 0.09829455 0.2129932 0 0.2129924 0.09829473 0.2129907 0 0.01632571 0.09829455 0.2129924 0.09829473 0.01632571 0.09829455 0.2129907 0 0.01632398 0 0.2129894 0.150977 0.01632398 0 0.2129907 0 0.01632398 0 0.2129894 0.150977 0.01632273 0.1509772 1.000002 1.79e-6 -1.85e-6 0.150765 1.79e-6 -1.79e-6 -1.85e-6 0.150765 1.000002 1.79e-6 0.9999982 0.1507686 0.9996598 0 0.6578342 0.0795896 0.657835 0 0.6578342 0.0795896 0.9996598 0 0.9996591 0.07959002 0.9996591 0.07959002 0.6578333 0.1500121 0.6578342 0.0795896 0.6578333 0.1500121 0.9996591 0.07959002 0.9996582 0.1500125 0.9996582 0.1500125 0.657832 0.07893657 0.6578333 0.1500121 0.657832 0.07893657 0.9996582 0.1500125 0.999657 0.07893657 1.161879 0.04870939 0.2129889 0.0970602 0.2129902 0.04870939 0.2129889 0.0970602 1.161879 0.04870939 1.161878 0.09705978 1.161882 0 0.2129924 0.09829473 0.2129932 0 0.2129924 0.09829473 1.161882 0 1.161881 0.09829521 1.000002 1.79e-6 -1.85e-6 0.150765 1.79e-6 -1.79e-6 -1.85e-6 0.150765 1.000002 1.79e-6 0.9999982 0.1507686 1.16188 0.09922003 0.2129902 0.04870939 0.2129915 0.09922045 0.2129902 0.04870939 1.16188 0.09922003 1.161879 0.04870939 0.2129902 0.04870939 0.01632225 0.09706044 0.01632356 0.04870939 0.01632225 0.09706044 0.2129902 0.04870939 0.2129889 0.0970602 0.2129932 0 0.01632571 0.09829455 0.01632654 0 0.01632571 0.09829455 0.2129932 0 0.2129924 0.09829473 0.2129915 0.09922045 0.01632571 0.09829455 0.2129924 0.09829473 0.01632571 0.09829455 0.2129915 0.09922045 0.01632481 0.09922063 0.2129902 0.04870939 0.01632481 0.09922063 0.2129915 0.09922045 0.01632481 0.09922063 0.2129902 0.04870939 0.01632356 0.04870939 1.161879 0.04870939 0.2129889 0.0970602 0.2129902 0.04870939 0.2129889 0.0970602 1.161879 0.04870939 1.161878 0.09705978 1.161882 0 0.2129924 0.09829473 0.2129932 0 0.2129924 0.09829473 1.161882 0 1.161881 0.09829521 1.000002 1.79e-6 -1.85e-6 0.150765 1.79e-6 -1.79e-6 -1.85e-6 0.150765 1.000002 1.79e-6 0.9999982 0.1507686 1.16188 0.09922003 0.2129902 0.04870939 0.2129915 0.09922045 0.2129902 0.04870939 1.16188 0.09922003 1.161879 0.04870939 0.2129902 0.04870939 0.01632225 0.09706044 0.01632356 0.04870939 0.01632225 0.09706044 0.2129902 0.04870939 0.2129889 0.0970602 0.2129932 0 0.01632571 0.09829455 0.01632654 0 0.01632571 0.09829455 0.2129932 0 0.2129924 0.09829473 0.2129915 0.09922045 0.01632571 0.09829455 0.2129924 0.09829473 0.01632571 0.09829455 0.2129915 0.09922045 0.01632481 0.09922063 0.2129902 0.04870939 0.01632481 0.09922063 0.2129915 0.09922045 0.01632481 0.09922063 0.2129902 0.04870939 0.01632356 0.04870939 0.1417015 0.1541233 0.1417058 0.1089342 0.1417033 0 0.1417015 0.1541233 0.1417058 0.1089342 0.1417033 0 -0.1414985 0.1541236 -0.1414941 0.108934 -0.1414966 0 -0.1414972 0.05779671 -0.1414941 0.108934 -0.1414954 0.1000983 -0.1414941 0.108934 -0.1414972 0.05779671 -0.1414991 0.1072926 -0.1414972 0.05779671 -0.1414941 0.108934 -0.1414954 0.1000983 -0.1414941 0.108934 -0.1414972 0.05779671 -0.1414991 0.1072926 0.01632273 0.1509772 0.01632571 0.09829455 0.01632398 0 0.01632356 0.04870939 0.01632571 0.09829455 0.01632481 0.09922063 0.01632571 0.09829455 0.01632356 0.04870939 0.01632225 0.09706044 0.01632356 0.04870939 0.01632571 0.09829455 0.01632481 0.09922063 0.01632571 0.09829455 0.01632356 0.04870939 0.01632225 0.09706044</float_array>
          <technique_common>
            <accessor source="#birch_A-mesh-map-0-array" count="1116" stride="2">
              <param name="S" type="float"/>
              <param name="T" type="float"/>
            </accessor>
          </technique_common>
        </source>
        <vertices id="birch_A-mesh-vertices">
          <input semantic="POSITION" source="#birch_A-mesh-positions"/>
        </vertices>
        <triangles material="tree_a_tga-material" count="372">
          <input semantic="VERTEX" source="#birch_A-mesh-vertices" offset="0"/>
          <input semantic="NORMAL" source="#birch_A-mesh-normals" offset="1"/>
          <input semantic="TEXCOORD" source="#birch_A-mesh-map-0" offset="2" set="0"/>
          <p>113 0 0 128 1 1 193 2 2 73 3 3 128 1 4 113 0 5 184 4 6 128 1 7 73 3 8 49 5 9 128 1 10 184 4 11 251 6 12 128 1 13 49 5 14 193 2 15 128 1 16 251 6 17 193 2 18 93 7 19 113 0 20 93 7 21 193 2 22 112 8 23 113 0 24 17 9 25 73 3 26 17 9 27 113 0 28 93 7 29 73 3 30 211 10 31 184 4 32 211 10 33 73 3 34 17 9 35 184 4 36 95 11 37 49 5 38 95 11 39 184 4 40 211 10 41 49 5 42 8 12 43 251 6 44 8 12 45 49 5 46 95 11 47 251 6 48 112 8 49 193 2 50 112 8 51 251 6 52 8 12 53 112 8 54 77 13 55 93 7 56 93 7 57 77 13 58 17 9 59 17 9 60 77 13 61 211 10 62 211 10 63 77 13 64 95 11 65 95 11 66 77 13 67 8 12 68 8 12 69 77 13 70 112 8 71 243 14 72 167 15 73 179 16 74 214 17 75 167 15 76 243 14 77 169 18 78 167 15 79 214 17 80 182 19 81 167 15 82 169 18 83 208 20 84 167 15 85 182 19 86 179 16 87 167 15 88 208 20 89 179 16 90 122 21 91 243 14 92 122 21 93 179 16 94 174 22 95 243 14 96 178 23 97 214 17 98 178 23 99 243 14 100 122 21 101 214 17 102 197 24 103 169 18 104 197 24 105 214 17 106 178 23 107 169 18 108 215 25 109 182 19 110 215 25 111 169 18 112 197 24 113 182 19 114 148 26 115 208 20 116 148 26 117 182 19 118 215 25 119 208 20 120 174 22 121 179 16 122 174 22 123 208 20 124 148 26 125 174 22 126 22 27 127 122 21 128 122 21 129 22 27 130 178 23 131 178 23 132 22 27 133 197 24 134 197 24 135 22 27 136 215 25 137 215 25 138 22 27 139 148 26 140 148 26 141 22 27 142 174 22 143 230 28 144 79 29 145 18 30 146 131 31 147 79 29 148 230 28 149 67 32 150 79 29 151 131 31 152 158 33 153 79 29 154 67 32 155 31 34 156 79 29 157 158 33 158 18 30 159 79 29 160 31 34 161 18 30 162 40 35 163 230 28 164 40 35 165 18 30 166 209 36 167 230 28 168 9 37 169 131 31 170 9 37 171 230 28 172 40 35 173 131 31 174 152 38 175 67 32 176 152 38 177 131 31 178 9 37 179 67 32 180 108 39 181 158 33 182 108 39 183 67 32 184 152 38 185 158 33 186 202 40 187 31 34 188 202 40 189 158 33 190 108 39 191 31 34 192 209 36 193 18 30 194 209 36 195 31 34 196 202 40 197 209 36 198 181 41 199 40 35 200 40 35 201 181 41 202 9 37 203 9 37 204 181 41 205 152 38 206 152 38 207 181 41 208 108 39 209 108 39 210 181 41 211 202 40 212 202 40 213 181 41 214 209 36 215 140 42 216 153 43 217 247 44 218 153 43 219 140 42 220 53 45 221 53 45 222 59 46 223 153 43 224 59 46 225 53 45 226 87 47 227 87 47 228 247 44 229 59 46 230 247 44 231 87 47 232 140 42 233 50 48 234 25 49 235 104 50 236 25 49 237 50 48 238 75 51 239 75 51 240 227 52 241 25 49 242 227 52 243 75 51 244 14 53 245 14 53 246 104 50 247 227 52 248 104 50 249 14 53 250 50 48 251 32 54 252 180 55 253 80 56 254 180 55 255 32 54 256 109 57 257 100 58 258 45 59 259 56 60 260 45 59 261 100 58 262 226 61 263 32 54 264 249 62 265 141 63 266 249 62 267 32 54 268 80 56 269 141 63 270 12 64 271 129 65 272 12 64 273 141 63 274 249 62 275 129 65 276 226 61 277 100 58 278 226 61 279 129 65 280 12 64 281 80 56 282 196 66 283 249 62 284 196 66 285 80 56 286 180 55 287 249 62 288 229 67 289 12 64 290 229 67 291 249 62 292 196 66 293 12 64 294 45 59 295 226 61 296 45 59 297 12 64 298 229 67 299 180 55 300 234 68 301 196 66 302 234 68 303 180 55 304 109 57 305 196 66 306 4 69 307 229 67 308 4 69 309 196 66 310 234 68 311 229 67 312 56 60 313 45 59 314 56 60 315 229 67 316 4 69 317 109 57 318 141 63 319 234 68 320 141 63 321 109 57 322 32 54 323 234 68 324 129 65 325 4 69 326 129 65 327 234 68 328 141 63 329 4 69 330 100 58 331 56 60 332 100 58 333 4 69 334 129 65 335 7 70 336 97 71 337 76 72 338 35 73 339 97 71 340 7 70 341 143 74 342 97 71 343 35 73 344 13 75 345 97 71 346 143 74 347 168 76 348 97 71 349 13 75 350 76 72 351 97 71 352 168 76 353 76 72 354 216 77 355 7 70 356 216 77 357 76 72 358 42 78 359 7 70 360 242 79 361 35 73 362 242 79 363 7 70 364 216 77 365 35 73 366 222 80 367 143 74 368 222 80 369 35 73 370 242 79 371 143 74 372 61 81 373 13 75 374 61 81 375 143 74 376 222 80 377 13 75 378 183 82 379 168 76 380 183 82 381 13 75 382 61 81 383 168 76 384 42 78 385 76 72 386 42 78 387 168 76 388 183 82 389 42 78 390 52 83 391 216 77 392 216 77 393 52 83 394 242 79 395 242 79 396 52 83 397 222 80 398 222 80 399 52 83 400 61 81 401 61 81 402 52 83 403 183 82 404 183 82 405 52 83 406 42 78 407 144 84 408 142 85 409 224 86 410 142 85 411 144 84 412 119 87 413 119 87 414 191 88 415 142 85 416 191 88 417 119 87 418 118 89 419 118 89 420 224 86 421 191 88 422 224 86 423 118 89 424 144 84 425 224 86 426 163 90 427 199 91 428 163 90 429 224 86 430 142 85 431 191 88 432 163 90 433 142 85 434 163 90 435 191 88 436 86 92 437 224 86 438 86 92 439 191 88 440 86 92 441 224 86 442 199 91 443 106 93 444 96 94 445 94 95 446 96 94 447 106 93 448 160 96 449 160 96 450 231 97 451 96 94 452 231 97 453 160 96 454 10 98 455 10 98 456 205 99 457 231 97 458 205 99 459 10 98 460 185 100 461 185 100 462 94 95 463 205 99 464 94 95 465 185 100 466 106 93 467 94 95 468 253 101 469 48 102 470 253 101 471 94 95 472 96 94 473 96 94 474 204 103 475 253 101 476 204 103 477 96 94 478 231 97 479 231 97 480 151 104 481 204 103 482 151 104 483 231 97 484 205 99 485 205 99 486 48 102 487 151 104 488 48 102 489 205 99 490 94 95 491 48 102 492 189 105 493 20 106 494 189 105 495 48 102 496 253 101 497 253 101 498 170 107 499 189 105 500 170 107 501 253 101 502 204 103 503 151 104 504 170 107 505 204 103 506 170 107 507 151 104 508 235 108 509 48 102 510 235 108 511 151 104 512 235 108 513 48 102 514 20 106 515 66 109 516 70 110 517 3 111 518 70 110 519 66 109 520 92 112 521 92 112 522 126 113 523 70 110 524 126 113 525 92 112 526 78 114 527 78 114 528 132 115 529 126 113 530 132 115 531 78 114 532 217 116 533 217 116 534 3 111 535 132 115 536 3 111 537 217 116 538 66 109 539 3 111 540 145 117 541 134 118 542 145 117 543 3 111 544 70 110 545 70 110 546 187 119 547 145 117 548 187 119 549 70 110 550 126 113 551 132 115 552 187 119 553 126 113 554 187 119 555 132 115 556 232 120 557 3 111 558 232 120 559 132 115 560 232 120 561 3 111 562 134 118 563 102 121 564 107 122 565 1 123 566 36 124 567 107 122 568 102 121 569 28 125 570 107 122 571 36 124 572 91 126 573 107 122 574 28 125 575 177 127 576 107 122 577 91 126 578 1 123 579 107 122 580 177 127 581 1 123 582 203 128 583 102 121 584 203 128 585 1 123 586 138 129 587 102 121 588 46 130 589 36 124 590 46 130 591 102 121 592 203 128 593 36 124 594 246 131 595 28 125 596 246 131 597 36 124 598 46 130 599 28 125 600 149 132 601 91 126 602 149 132 603 28 125 604 246 131 605 91 126 606 117 133 607 177 127 608 117 133 609 91 126 610 149 132 611 177 127 612 138 129 613 1 123 614 138 129 615 177 127 616 117 133 617 138 129 618 111 134 619 203 128 620 203 128 621 111 134 622 46 130 623 46 130 624 111 134 625 246 131 626 246 131 627 111 134 628 149 132 629 149 132 630 111 134 631 117 133 632 117 133 633 111 134 634 138 129 635 159 135 636 130 136 637 212 137 638 201 138 639 130 136 640 159 135 641 54 139 642 130 136 643 201 138 644 43 140 645 130 136 646 54 139 647 157 141 648 130 136 649 43 140 650 212 137 651 130 136 652 157 141 653 212 137 654 223 142 655 159 135 656 223 142 657 212 137 658 125 143 659 159 135 660 83 144 661 201 138 662 83 144 663 159 135 664 223 142 665 201 138 666 57 145 667 54 139 668 57 145 669 201 138 670 83 144 671 54 139 672 55 146 673 43 140 674 55 146 675 54 139 676 57 145 677 43 140 678 58 147 679 157 141 680 58 147 681 43 140 682 55 146 683 157 141 684 125 143 685 212 137 686 125 143 687 157 141 688 58 147 689 125 143 690 162 148 691 223 142 692 223 142 693 162 148 694 83 144 695 83 144 696 162 148 697 57 145 698 57 145 699 162 148 700 55 146 701 55 146 702 162 148 703 58 147 704 58 147 705 162 148 706 125 143 707 254 149 708 6 150 709 23 151 710 110 152 711 6 150 712 254 149 713 207 153 714 6 150 715 110 152 716 176 154 717 6 150 718 207 153 719 29 155 720 6 150 721 176 154 722 23 151 723 6 150 724 29 155 725 23 151 726 173 156 727 254 149 728 173 156 729 23 151 730 238 157 731 254 149 732 62 158 733 110 152 734 62 158 735 254 149 736 173 156 737 110 152 738 192 159 739 207 153 740 192 159 741 110 152 742 62 158 743 207 153 744 175 160 745 176 154 746 175 160 747 207 153 748 192 159 749 176 154 750 127 161 751 29 155 752 127 161 753 176 154 754 175 160 755 29 155 756 238 157 757 23 151 758 238 157 759 29 155 760 127 161 761 238 157 762 103 162 763 173 156 764 173 156 765 103 162 766 62 158 767 62 158 768 103 162 769 192 159 770 192 159 771 103 162 772 175 160 773 175 160 774 103 162 775 127 161 776 127 161 777 103 162 778 238 157 779 252 163 780 150 164 781 90 165 782 116 166 783 150 164 784 252 163 785 139 167 786 150 164 787 116 166 788 161 168 789 150 164 790 139 167 791 133 169 792 150 164 793 161 168 794 90 165 795 150 164 796 133 169 797 90 165 798 195 170 799 252 163 800 195 170 801 90 165 802 136 171 803 252 163 804 51 172 805 116 166 806 51 172 807 252 163 808 195 170 809 116 166 810 99 173 811 139 167 812 99 173 813 116 166 814 51 172 815 139 167 816 200 174 817 161 168 818 200 174 819 139 167 820 99 173 821 161 168 822 30 175 823 133 169 824 30 175 825 161 168 826 200 174 827 133 169 828 136 171 829 90 165 830 136 171 831 133 169 832 30 175 833 136 171 834 65 176 835 195 170 836 195 170 837 65 176 838 51 172 839 51 172 840 65 176 841 99 173 842 99 173 843 65 176 844 200 174 845 200 174 846 65 176 847 30 175 848 30 175 849 65 176 850 136 171 851 121 177 852 218 178 853 84 179 854 37 180 855 218 178 856 121 177 857 47 181 858 218 178 859 37 180 860 250 182 861 218 178 862 47 181 863 194 183 864 218 178 865 250 182 866 84 179 867 218 178 868 194 183 869 84 179 870 239 184 871 121 177 872 239 184 873 84 179 874 63 185 875 121 177 876 44 186 877 37 180 878 44 186 879 121 177 880 239 184 881 37 180 882 27 187 883 47 181 884 27 187 885 37 180 886 44 186 887 47 181 888 255 188 889 250 182 890 255 188 891 47 181 892 27 187 893 250 182 894 213 189 895 194 183 896 213 189 897 250 182 898 255 188 899 194 183 900 63 185 901 84 179 902 63 185 903 194 183 904 213 189 905 63 185 906 5 190 907 239 184 908 239 184 909 5 190 910 44 186 911 44 186 912 5 190 913 27 187 914 27 187 915 5 190 916 255 188 917 255 188 918 5 190 919 213 189 920 213 189 921 5 190 922 63 185 923 41 191 924 81 192 925 98 193 926 81 192 927 41 191 928 69 194 929 69 194 930 156 195 931 81 192 932 156 195 933 69 194 934 237 196 935 237 196 936 98 193 937 156 195 938 98 193 939 237 196 940 41 191 941 98 193 942 71 197 943 114 198 944 71 197 945 98 193 946 81 192 947 156 195 948 71 197 949 81 192 950 71 197 951 156 195 952 244 199 953 98 193 954 244 199 955 156 195 956 244 199 957 98 193 958 114 198 959 74 200 960 68 201 961 155 202 962 68 201 963 74 200 964 82 203 965 82 203 966 120 204 967 68 201 968 120 204 969 82 203 970 210 205 971 210 205 972 219 206 973 120 204 974 219 206 975 210 205 976 206 207 977 206 207 978 155 202 979 219 206 980 155 202 981 206 207 982 74 200 983 155 202 984 2 208 985 19 209 986 2 208 987 155 202 988 68 201 989 68 201 990 137 210 991 2 208 992 137 210 993 68 201 994 120 204 995 120 204 996 64 211 997 137 210 998 64 211 999 120 204 1000 219 206 1001 219 206 1002 19 209 1003 64 211 1004 19 209 1005 219 206 1006 155 202 1007 19 209 1008 124 212 1009 221 213 1010 124 212 1011 19 209 1012 2 208 1013 2 208 1014 165 214 1015 124 212 1016 165 214 1017 2 208 1018 137 210 1019 64 211 1020 165 214 1021 137 210 1022 165 214 1023 64 211 1024 89 215 1025 19 209 1026 89 215 1027 64 211 1028 89 215 1029 19 209 1030 221 213 1031 225 216 1032 172 217 1033 101 218 1034 172 217 1035 225 216 1036 186 219 1037 186 219 1038 24 220 1039 172 217 1040 24 220 1041 186 219 1042 11 221 1043 11 221 1044 147 222 1045 24 220 1046 147 222 1047 11 221 1048 0 223 1049 0 223 1050 101 218 1051 147 222 1052 101 218 1053 0 223 1054 225 216 1055 101 218 1056 16 224 1057 33 225 1058 16 224 1059 101 218 1060 172 217 1061 172 217 1062 39 226 1063 16 224 1064 39 226 1065 172 217 1066 24 220 1067 147 222 1068 39 226 1069 24 220 1070 39 226 1071 147 222 1072 240 227 1073 101 218 1074 240 227 1075 147 222 1076 240 227 1077 101 218 1078 33 225 1079 248 228 1080 154 229 1081 60 230 1082 105 231 1083 26 232 1084 228 233 1085 198 234 1086 164 235 1087 85 236 1088 21 237 1089 171 237 1090 236 237 1091 171 238 1092 21 238 1093 190 238 1094 135 239 1095 188 240 1096 233 241 1097 188 242 1098 135 243 1099 146 244 1100 115 245 1101 72 246 1102 245 247 1103 220 248 1104 166 249 1105 88 250 1106 166 251 1107 220 252 1108 123 253 1109 34 254 1110 38 255 1111 241 256 1112 38 257 1113 34 258 1114 15 259 1115</p>
        </triangles>
      </mesh>
    </geometry>
  </library_geometries>
  <library_visual_scenes>
    <visual_scene id="Scene" name="Scene">
      <node id="Circle_005" name="Circle.005" type="NODE">
        <matrix sid="transform">0.1176701 0 0 2 0 0.1176701 0 0 0 0 0.1412041 0.2178611 0 0 0 1</matrix>
        <instance_geometry url="#Circle_006-mesh" name="Circle.005">
          <bind_material>
            <technique_common>
              <instance_material symbol="Material_005-material" target="#Material_005-material">
                <bind_vertex_input semantic="UVMap" input_semantic="TEXCOORD" input_set="0"/>
              </instance_material>
            </technique_common>
          </bind_material>
        </instance_geometry>
      </node>
      <node id="conifer_forest" name="conifer_forest" type="NODE">
        <matrix sid="transform">0.1176701 0 0 0 0 0.1176701 0 0 0 0 0.1412041 0.2178611 0 0 0 1</matrix>
        <instance_geometry url="#Circle_002-mesh" name="conifer_forest">
          <bind_material>
            <technique_common>
              <instance_material symbol="conifer-material" target="#conifer-material">
                <bind_vertex_input semantic="UVMap" input_semantic="TEXCOORD" input_set="0"/>
              </instance_material>
            </technique_common>
          </bind_material>
        </instance_geometry>
      </node>
      <node id="conifer01" name="conifer01" type="NODE">
        <matrix sid="transform">1 0 0 0 0 1 0 1 0 0 1 0 0 0 0 1</matrix>
        <instance_geometry url="#conifer01_003-mesh" name="conifer01">
          <bind_material>
            <technique_common>
              <instance_material symbol="conifer_01_tga_nocull-material" target="#conifer_01_tga_nocull-material">
                <bind_vertex_input semantic="conifer01-mesh-map-0" input_semantic="TEXCOORD" input_set="0"/>
              </instance_material>
            </technique_common>
          </bind_material>
        </instance_geometry>
      </node>
      <node id="deciduous_A" name="deciduous_A" type="NODE">
        <matrix sid="transform">0.6854028 0.7081823 -0.1694133 0 -0.7205384 0.6931965 -0.01741052 -1 0.1051069 0.134002 0.9853913 0 0 0 0 1</matrix>
        <instance_geometry url="#deciduous_A-mesh" name="deciduous_A">
          <bind_material>
            <technique_common>
              <instance_material symbol="tree_a_tga_002-material" target="#tree_a_tga_002-material">
                <bind_vertex_input semantic="deciduous_A-mesh-map-0" input_semantic="TEXCOORD" input_set="0"/>
              </instance_material>
            </technique_common>
          </bind_material>
        </instance_geometry>
      </node>
      <node id="palm_impassable" name="palm_impassable" type="NODE">
        <matrix sid="transform">0.004270596 0.9970811 0.07622939 -0.4070345 -0.990667 -0.006166988 0.1361643 0 0.136237 -0.07609946 0.9877491 0 0 0 0 1</matrix>
        <instance_geometry url="#palm_impassable-mesh" name="palm_impassable">
          <bind_material>
            <technique_common>
              <instance_material symbol="palm_01_tga_nocull-material" target="#palm_01_tga_nocull-material">
                <bind_vertex_input semantic="palm_impassable-mesh-map-0" input_semantic="TEXCOORD" input_set="0"/>
              </instance_material>
            </technique_common>
          </bind_material>
        </instance_geometry>
      </node>
      <node id="birch_A_impassable" name="birch_A_impassable" type="NODE">
        <matrix sid="transform">-0.5917811 0.7939061 0.1396718 0.6327683 -0.794995 -0.6034618 0.06177992 0 0.1333341 -0.07447822 0.9882687 0 0 0 0 1</matrix>
        <instance_geometry url="#birch_A_impassable-mesh" name="birch_A_impassable">
          <bind_material>
            <technique_common>
              <instance_material symbol="tree_a_tga_001-material" target="#tree_a_tga_001-material">
                <bind_vertex_input semantic="birch_A_impassable-mesh-map-0" input_semantic="TEXCOORD" input_set="0"/>
              </instance_material>
            </technique_common>
          </bind_material>
        </instance_geometry>
      </node>
      <node id="birch_A" name="birch_A" type="NODE">
        <matrix sid="transform">-0.2356005 -0.9709286 -0.04230797 0 0.9622535 -0.2269503 -0.1502055 -2 0.136237 -0.07609949 0.9877491 0 0 0 0 1</matrix>
        <instance_geometry url="#birch_A-mesh" name="birch_A">
          <bind_material>
            <technique_common>
              <instance_material symbol="tree_a_tga-material" target="#tree_a_tga-material">
                <bind_vertex_input semantic="birch_A-mesh-map-0" input_semantic="TEXCOORD" input_set="0"/>
              </instance_material>
            </technique_common>
          </bind_material>
        </instance_geometry>
      </node>
      <node id="Camera" name="Camera" type="NODE">
        <matrix sid="transform">0.6859207 -0.3240135 0.6515582 7.358891 0.7276763 0.3054208 -0.6141704 -6.925791 0 0.8953956 0.4452714 4.958309 0 0 0 1</matrix>
        <instance_camera url="#Camera-camera"/>
      </node>
      <node id="Light" name="Light" type="NODE">
        <matrix sid="transform">-0.2908646 -0.7711008 0.5663932 4.076245 0.9551712 -0.1998834 0.2183912 1.005454 -0.05518906 0.6045247 0.7946723 5.903862 0 0 0 1</matrix>
        <instance_light url="#Light-light"/>
      </node>
    </visual_scene>
  </library_visual_scenes>
  <scene>
    <instance_visual_scene url="#Scene"/>
  </scene>
</COLLADA>